time,gFx,gFy,gFz,TgF
0.012000,-0.1126,0.4903,0.9225,1.051
0.012000,-0.1179,0.4881,0.9273,1.055
0.012000,-0.1172,0.4844,0.9308,1.056
0.012000,-0.1170,0.4825,0.9371,1.060
0.013000,-0.1160,0.4788,0.9417,1.063
0.013000,-0.1121,0.4737,0.9459,1.064
0.013000,-0.1035,0.4710,0.9496,1.065
0.013000,-0.1006,0.4666,0.9562,1.069
0.013000,-0.0952,0.4627,0.9581,1.068
0.014000,-0.0913,0.4620,0.9574,1.067
0.020000,-0.0877,0.4620,0.9584,1.067
0.020000,-0.0872,0.4595,0.9569,1.065
0.021000,-0.0830,0.4603,0.9535,1.062
0.023000,-0.0803,0.4637,0.9500,1.060
0.026000,-0.0825,0.4695,0.9422,1.056
0.029000,-0.0830,0.4737,0.9422,1.058
0.032000,-0.0813,0.4747,0.9378,1.054
0.035000,-0.0796,0.4717,0.9388,1.054
0.036000,-0.0816,0.4673,0.9398,1.053
0.039000,-0.0833,0.4671,0.9422,1.055
0.041000,-0.0833,0.4678,0.9430,1.056
0.052000,-0.0845,0.4698,0.9408,1.055
0.052000,-0.0867,0.4712,0.9395,1.055
0.052000,-0.0847,0.4761,0.9305,1.049
0.052000,-0.0840,0.4788,0.9220,1.042
0.053000,-0.0818,0.4773,0.9146,1.035
0.057000,-0.0747,0.4800,0.9059,1.028
0.059000,-0.0747,0.4812,0.8954,1.019
0.061000,-0.0725,0.4837,0.8888,1.014
0.064000,-0.0742,0.4844,0.8783,1.006
0.066000,-0.1345,0.4905,0.8438,0.985
0.068000,-0.2288,0.5118,0.7891,0.968
0.071000,-0.1731,0.5162,0.8128,0.978
0.073000,-0.1279,0.5220,0.8316,0.990
0.076000,-0.0921,0.4886,0.8238,0.962
0.078000,-0.0764,0.4678,0.8353,0.960
0.081000,-0.0679,0.4764,0.8394,0.968
0.084000,-0.0667,0.4817,0.8365,0.968
0.087000,-0.0618,0.4791,0.8360,0.966
0.088000,-0.0769,0.4615,0.8648,0.983
0.093000,-0.1148,0.4612,0.9288,1.043
0.093000,-0.1155,0.4820,0.9330,1.056
0.096000,-0.1123,0.4939,0.9308,1.060
0.098000,-0.1116,0.4983,0.9398,1.070
0.103000,-0.1040,0.5010,0.9466,1.076
0.103000,-0.0918,0.4922,0.9515,1.075
0.106000,-0.0884,0.4876,0.9383,1.061
0.109000,-0.0925,0.4749,0.9303,1.049
0.111000,-0.1013,0.4639,0.9298,1.044
0.112000,-0.1030,0.4595,0.9293,1.042
0.115000,-0.1043,0.4554,0.9276,1.039
0.118000,-0.0986,0.4583,0.9261,1.038
0.120000,-0.0911,0.4573,0.9259,1.037
0.123000,-0.0857,0.4615,0.9283,1.040
0.126000,-0.0828,0.4625,0.9271,1.039
0.128000,-0.0803,0.4639,0.9303,1.043
0.130000,-0.0789,0.4644,0.9288,1.041
0.132000,-0.0840,0.4622,0.9259,1.038
0.134000,-0.0857,0.4607,0.9222,1.034
0.138000,-0.0872,0.4615,0.9173,1.031
0.140000,-0.0923,0.4605,0.9137,1.027
0.144000,-0.0955,0.4607,0.9115,1.026
0.145000,-0.0977,0.4642,0.9071,1.024
0.147000,-0.0960,0.4666,0.9056,1.023
0.150000,-0.0964,0.4676,0.9019,1.021
0.152000,-0.0933,0.4693,0.8988,1.018
0.154000,-0.0923,0.4688,0.8973,1.017
0.157000,-0.0906,0.4686,0.8951,1.014
0.161000,-0.0916,0.4703,0.8922,1.013
0.162000,-0.0930,0.4700,0.8912,1.012
0.165000,-0.0938,0.4698,0.8902,1.011
0.168000,-0.0906,0.4688,0.8893,1.009
0.169000,-0.0886,0.4656,0.8893,1.008
0.172000,-0.0855,0.4668,0.8897,1.008
0.174000,-0.0835,0.4656,0.8897,1.008
0.177000,-0.0803,0.4654,0.8927,1.010
0.179000,-0.0794,0.4637,0.8968,1.013
0.182000,-0.0772,0.4629,0.8983,1.013
0.184000,-0.0786,0.4620,0.9000,1.015
0.187000,-0.0781,0.4612,0.9002,1.015
0.189000,-0.0759,0.4600,0.9017,1.015
0.192000,-0.0725,0.4581,0.9024,1.015
0.194000,-0.0718,0.4583,0.9015,1.014
0.196000,-0.0696,0.4588,0.8993,1.012
0.199000,-0.0664,0.4576,0.8990,1.011
0.201000,-0.0671,0.4566,0.8954,1.007
0.204000,-0.0635,0.4559,0.8949,1.006
0.206000,-0.0628,0.4563,0.8912,1.003
0.209000,-0.0606,0.4573,0.8871,1.000
0.211000,-0.0601,0.4573,0.8836,0.997
0.214000,-0.0571,0.4583,0.8800,0.994
0.216000,-0.0547,0.4588,0.8761,0.990
0.219000,-0.0542,0.4583,0.8726,0.987
0.221000,-0.0523,0.4588,0.8714,0.986
0.224000,-0.0488,0.4590,0.8683,0.983
0.227000,-0.0481,0.4585,0.8665,0.982
0.229000,-0.0469,0.4571,0.8670,0.981
0.231000,-0.0447,0.4581,0.8663,0.981
0.234000,-0.0430,0.4590,0.8624,0.978
0.236000,-0.0427,0.4578,0.8646,0.979
0.238000,-0.0430,0.4576,0.8648,0.979
0.241000,-0.0425,0.4588,0.8656,0.981
0.245000,-0.0398,0.4573,0.8665,0.981
0.246000,-0.0430,0.4595,0.8685,0.984
0.249000,-0.0439,0.4607,0.8726,0.988
0.251000,-0.0469,0.4600,0.8731,0.988
0.253000,-0.0486,0.4600,0.8783,0.993
0.256000,-0.0498,0.4622,0.8841,0.999
0.258000,-0.0508,0.4607,0.8900,1.003
0.261000,-0.0525,0.4600,0.8917,1.005
0.263000,-0.0530,0.4603,0.8954,1.008
0.266000,-0.0525,0.4615,0.8990,1.012
0.268000,-0.0530,0.4612,0.8990,1.012
0.270000,-0.0535,0.4615,0.9005,1.013
0.273000,-0.0527,0.4620,0.8988,1.012
0.276000,-0.0525,0.4622,0.9002,1.013
0.279000,-0.0505,0.4637,0.8958,1.010
0.281000,-0.0510,0.4620,0.8951,1.009
0.284000,-0.0486,0.4634,0.8914,1.006
0.285000,-0.0481,0.4625,0.8893,1.003
0.288000,-0.0442,0.4625,0.8861,1.000
0.290000,-0.0464,0.4639,0.8851,1.000
0.293000,-0.0469,0.4644,0.8809,0.997
0.295000,-0.0488,0.4651,0.8783,0.995
0.298000,-0.0498,0.4644,0.8751,0.992
0.300000,-0.0527,0.4651,0.8705,0.988
0.303000,-0.0540,0.4646,0.8670,0.985
0.305000,-0.0562,0.4651,0.8641,0.983
0.308000,-0.0596,0.4671,0.8600,0.980
0.311000,-0.0608,0.4676,0.8585,0.979
0.313000,-0.0610,0.4683,0.8524,0.974
0.315000,-0.0613,0.4705,0.8516,0.975
0.317000,-0.0625,0.4729,0.8480,0.973
0.320000,-0.0645,0.4737,0.8412,0.968
0.323000,-0.0649,0.4749,0.8365,0.964
0.325000,-0.0657,0.4766,0.8336,0.962
0.328000,-0.0664,0.4756,0.8270,0.956
0.330000,-0.0676,0.4754,0.8214,0.951
0.333000,-0.0669,0.4783,0.8175,0.949
0.335000,-0.0669,0.4778,0.8143,0.947
0.337000,-0.0667,0.4781,0.8101,0.943
0.340000,-0.0693,0.4778,0.8087,0.942
0.346000,-0.0689,0.4778,0.8067,0.940
0.346000,-0.0711,0.4788,0.8057,0.940
0.348000,-0.0735,0.4808,0.8092,0.944
0.350000,-0.0730,0.4817,0.8079,0.943
0.353000,-0.0754,0.4805,0.8119,0.946
0.355000,-0.0784,0.4783,0.8167,0.950
0.357000,-0.0786,0.4798,0.8194,0.953
0.360000,-0.0806,0.4786,0.8206,0.953
0.362000,-0.0813,0.4795,0.8250,0.958
0.365000,-0.0801,0.4795,0.8299,0.962
0.367000,-0.0791,0.4773,0.8328,0.963
0.369000,-0.0791,0.4766,0.8385,0.968
0.372000,-0.0820,0.4756,0.8436,0.972
0.374000,-0.0842,0.4744,0.8468,0.974
0.378000,-0.0857,0.4744,0.8587,0.985
0.380000,-0.0859,0.4729,0.8643,0.989
0.382000,-0.0869,0.4705,0.8692,0.992
0.384000,-0.0850,0.4688,0.8744,0.996
0.386000,-0.0830,0.4666,0.8802,1.000
0.391000,-0.0796,0.4656,0.8861,1.004
0.392000,-0.0742,0.4603,0.8866,1.002
0.394000,-0.0723,0.4615,0.8910,1.006
0.396000,-0.0664,0.4583,0.8917,1.005
0.399000,-0.0652,0.4571,0.8917,1.004
0.402000,-0.0625,0.4539,0.8922,1.003
0.405000,-0.0584,0.4515,0.8924,1.002
0.407000,-0.0571,0.4505,0.8939,1.003
0.409000,-0.0566,0.4507,0.8922,1.001
0.412000,-0.0542,0.4483,0.8927,1.000
0.414000,-0.0525,0.4476,0.8946,1.002
0.417000,-0.0527,0.4500,0.8941,1.002
0.419000,-0.0525,0.4502,0.8944,1.003
0.421000,-0.0549,0.4500,0.8961,1.004
0.424000,-0.0537,0.4515,0.9010,1.009
0.426000,-0.0535,0.4532,0.8990,1.008
0.429000,-0.0537,0.4527,0.8985,1.008
0.431000,-0.0574,0.4534,0.9012,1.010
0.434000,-0.0569,0.4541,0.9010,1.011
0.436000,-0.0581,0.4554,0.9002,1.011
0.438000,-0.0576,0.4551,0.9037,1.013
0.441000,-0.0591,0.4561,0.9019,1.012
0.444000,-0.0569,0.4573,0.9027,1.014
0.447000,-0.0584,0.4576,0.9000,1.011
0.449000,-0.0588,0.4588,0.8995,1.011
0.451000,-0.0581,0.4600,0.8973,1.010
0.453000,-0.0579,0.4625,0.8966,1.010
0.456000,-0.0571,0.4610,0.8961,1.009
0.459000,-0.0603,0.4622,0.8973,1.011
0.462000,-0.0623,0.4622,0.9005,1.014
0.464000,-0.0620,0.4644,0.9024,1.017
0.466000,-0.0647,0.4668,0.9012,1.017
0.468000,-0.0664,0.4666,0.9037,1.019
0.471000,-0.0674,0.4671,0.9068,1.022
0.473000,-0.0657,0.4654,0.9081,1.022
0.476000,-0.0686,0.4656,0.9095,1.024
0.479000,-0.0693,0.4656,0.9115,1.026
0.481000,-0.0698,0.4659,0.9132,1.028
0.483000,-0.0676,0.4683,0.9137,1.029
0.486000,-0.0689,0.4673,0.9151,1.030
0.488000,-0.0671,0.4649,0.9149,1.028
0.490000,-0.0679,0.4644,0.9154,1.029
0.493000,-0.0657,0.4644,0.9156,1.029
0.496000,-0.0664,0.4654,0.9186,1.032
0.503000,-0.0657,0.4651,0.9205,1.033
0.504000,-0.0659,0.4642,0.9212,1.034
0.504000,-0.0706,0.4673,0.9215,1.036
0.505000,-0.0708,0.4654,0.9251,1.038
0.508000,-0.0735,0.4644,0.9234,1.036
0.510000,-0.0732,0.4676,0.9266,1.040
0.513000,-0.0747,0.4671,0.9234,1.038
0.515000,-0.0759,0.4688,0.9264,1.041
0.518000,-0.0762,0.4698,0.9278,1.043
0.520000,-0.0786,0.4705,0.9286,1.044
0.523000,-0.0798,0.4698,0.9305,1.045
0.525000,-0.0823,0.4722,0.9295,1.046
0.528000,-0.0886,0.4737,0.9300,1.047
0.531000,-0.0899,0.4751,0.9288,1.047
0.533000,-0.0899,0.4749,0.9286,1.047
0.535000,-0.0913,0.4778,0.9283,1.048
0.537000,-0.0913,0.4769,0.9283,1.048
0.540000,-0.0889,0.4773,0.9239,1.044
0.549000,-0.0879,0.4776,0.9198,1.040
0.550000,-0.0852,0.4764,0.9149,1.035
0.550000,-0.0803,0.4773,0.9122,1.033
0.553000,-0.0781,0.4761,0.9044,1.025
0.553000,-0.0737,0.4764,0.8976,1.019
0.555000,-0.0693,0.4729,0.8939,1.014
0.558000,-0.0676,0.4737,0.8900,1.010
0.576000,-0.0647,0.4737,0.8851,1.006
0.576000,-0.0635,0.4717,0.8805,1.001
0.577000,-0.0610,0.4749,0.8785,1.001
0.578000,-0.0584,0.4717,0.8758,0.996
0.578000,-0.0571,0.4708,0.8734,0.994
0.578000,-0.0579,0.4705,0.8724,0.993
0.579000,-0.0552,0.4700,0.8741,0.994
0.581000,-0.0525,0.4712,0.8741,0.994
0.581000,-0.0547,0.4686,0.8766,0.995
0.582000,-0.0535,0.4651,0.8775,0.995
0.585000,-0.0566,0.4646,0.8797,0.997
0.587000,-0.0574,0.4637,0.8834,0.999
0.589000,-0.0588,0.4629,0.8831,0.999
0.592000,-0.0576,0.4600,0.8858,1.000
0.597000,-0.0571,0.4603,0.8844,0.999
0.599000,-0.0569,0.4622,0.8863,1.001
0.604000,-0.0552,0.4622,0.8885,1.003
0.604000,-0.0562,0.4627,0.8910,1.006
0.605000,-0.0557,0.4607,0.8924,1.006
0.607000,-0.0584,0.4603,0.8958,1.009
0.611000,-0.0606,0.4625,0.8998,1.013
0.614000,-0.0623,0.4637,0.9046,1.018
0.615000,-0.0667,0.4629,0.9098,1.023
0.617000,-0.0706,0.4629,0.9134,1.026
0.619000,-0.0715,0.4627,0.9186,1.031
0.621000,-0.0720,0.4637,0.9237,1.036
0.624000,-0.0718,0.4642,0.9237,1.036
0.628000,-0.0708,0.4634,0.9278,1.040
0.631000,-0.0708,0.4656,0.9276,1.040
0.632000,-0.0711,0.4627,0.9293,1.041
0.634000,-0.0698,0.4627,0.9269,1.038
0.636000,-0.0691,0.4639,0.9278,1.040
0.639000,-0.0689,0.4654,0.9256,1.038
0.643000,-0.0674,0.4642,0.9259,1.038
0.644000,-0.0669,0.4649,0.9232,1.036
0.647000,-0.0596,0.4654,0.9215,1.034
0.650000,-0.0593,0.4664,0.9215,1.034
0.651000,-0.0613,0.4656,0.9183,1.031
0.654000,-0.0608,0.4654,0.9164,1.030
0.656000,-0.0593,0.4646,0.9139,1.027
0.659000,-0.0569,0.4654,0.9146,1.028
0.663000,-0.0601,0.4668,0.9139,1.028
0.664000,-0.0628,0.4620,0.9117,1.024
0.673000,-0.0625,0.4646,0.9107,1.024
0.674000,-0.0649,0.4666,0.9093,1.024
0.674000,-0.0696,0.4634,0.9078,1.022
0.674000,-0.0698,0.4651,0.9085,1.023
0.676000,-0.0689,0.4627,0.9085,1.022
0.683000,-0.0730,0.4646,0.9063,1.021
0.684000,-0.0732,0.4627,0.9046,1.019
0.684000,-0.0742,0.4627,0.9007,1.015
0.685000,-0.0772,0.4637,0.8978,1.013
0.688000,-0.0796,0.4646,0.8966,1.013
0.691000,-0.0828,0.4664,0.8936,1.011
0.693000,-0.0852,0.4646,0.8907,1.008
0.697000,-0.0857,0.4646,0.8905,1.008
0.700000,-0.0859,0.4673,0.8878,1.007
0.700000,-0.0867,0.4654,0.8827,1.002
0.703000,-0.0896,0.4654,0.8800,0.999
0.705000,-0.0906,0.4629,0.8790,0.998
0.708000,-0.0916,0.4622,0.8778,0.996
0.710000,-0.0945,0.4649,0.8731,0.994
0.714000,-0.0928,0.4654,0.8744,0.995
0.715000,-0.0933,0.4622,0.8722,0.991
0.718000,-0.0928,0.4637,0.8709,0.991
0.720000,-0.0911,0.4637,0.8722,0.992
0.722000,-0.0930,0.4646,0.8729,0.993
0.725000,-0.0960,0.4673,0.8734,0.995
0.728000,-0.0982,0.4678,0.8712,0.994
0.731000,-0.0996,0.4688,0.8680,0.992
0.733000,-0.1001,0.4688,0.8643,0.988
0.735000,-0.1052,0.4688,0.8639,0.988
0.738000,-0.1052,0.4676,0.8604,0.985
0.740000,-0.1065,0.4673,0.8607,0.985
0.743000,-0.1074,0.4681,0.8600,0.985
0.750000,-0.1067,0.4671,0.8607,0.985
0.752000,-0.1045,0.4686,0.8587,0.984
0.753000,-0.1004,0.4664,0.8560,0.980
0.784000,-0.0994,0.4688,0.8514,0.977
0.785000,-0.0955,0.4671,0.8448,0.970
0.786000,-0.0933,0.4661,0.8394,0.965
0.786000,-0.0903,0.4664,0.8350,0.961
0.786000,-0.0850,0.4642,0.8280,0.953
0.787000,-0.0806,0.4629,0.8250,0.949
0.787000,-0.0776,0.4625,0.8219,0.946
0.787000,-0.0728,0.4603,0.8189,0.942
0.788000,-0.0723,0.4629,0.8182,0.943
0.788000,-0.0745,0.4671,0.8136,0.941
0.788000,-0.0781,0.4693,0.8121,0.941
0.789000,-0.0798,0.4690,0.8126,0.942
0.789000,-0.0752,0.4651,0.8101,0.937
0.789000,-0.0754,0.4615,0.8123,0.937
0.790000,-0.0779,0.4576,0.8138,0.937
0.790000,-0.0757,0.4568,0.8126,0.935
0.794000,-0.0728,0.4541,0.8143,0.935
0.795000,-0.0681,0.4498,0.8143,0.933
0.799000,-0.0601,0.4446,0.8170,0.932
0.800000,-0.0584,0.4402,0.8226,0.935
0.802000,-0.0557,0.4402,0.8336,0.944
0.805000,-0.0581,0.4417,0.8382,0.949
0.807000,-0.0625,0.4419,0.8414,0.952
0.810000,-0.0654,0.4415,0.8409,0.952
0.812000,-0.0652,0.4395,0.8385,0.949
0.816000,-0.0664,0.4339,0.8336,0.942
0.818000,-0.0691,0.4283,0.8326,0.939
0.819000,-0.0657,0.4241,0.8309,0.935
0.821000,-0.0652,0.4187,0.8280,0.930
0.825000,-0.0596,0.4107,0.8285,0.927
0.827000,-0.0562,0.4058,0.8346,0.930
0.829000,-0.0508,0.4078,0.8446,0.939
0.833000,-0.0491,0.4078,0.8534,0.947
0.835000,-0.0518,0.4104,0.8590,0.953
0.836000,-0.0540,0.4124,0.8612,0.956
0.839000,-0.0537,0.4097,0.8592,0.953
0.841000,-0.0532,0.4053,0.8568,0.949
0.844000,-0.0549,0.3992,0.8570,0.947
0.849000,-0.0547,0.3955,0.8516,0.941
0.849000,-0.0540,0.3914,0.8512,0.938
0.853000,-0.0549,0.3892,0.8477,0.934
0.854000,-0.0581,0.3877,0.8436,0.930
0.856000,-0.0576,0.3887,0.8363,0.924
0.859000,-0.0559,0.3870,0.8277,0.915
0.866000,-0.0559,0.3885,0.8180,0.907
0.873000,-0.0557,0.3865,0.8121,0.901
0.874000,-0.0588,0.3882,0.8014,0.892
0.875000,-0.0603,0.3868,0.7940,0.885
0.876000,-0.0657,0.3870,0.7857,0.878
0.877000,-0.0649,0.3875,0.7742,0.868
0.878000,-0.0662,0.3872,0.7657,0.861
0.884000,-0.0681,0.3865,0.7579,0.853
0.885000,-0.0718,0.3894,0.7486,0.847
0.885000,-0.0713,0.3914,0.7369,0.837
0.888000,-0.0740,0.3934,0.7303,0.833
0.888000,-0.0757,0.3958,0.7227,0.827
0.891000,-0.0808,0.3963,0.7210,0.827
0.893000,-0.0835,0.3970,0.7169,0.824
0.896000,-0.0862,0.3963,0.7159,0.823
0.901000,-0.0903,0.3973,0.7200,0.827
0.902000,-0.0947,0.3951,0.7227,0.829
0.904000,-0.0940,0.3943,0.7237,0.830
0.906000,-0.0972,0.3907,0.7279,0.832
0.909000,-0.0957,0.3897,0.7269,0.830
0.912000,-0.0940,0.3858,0.7305,0.831
0.914000,-0.0913,0.3804,0.7364,0.834
0.916000,-0.0872,0.3765,0.7371,0.832
0.918000,-0.0889,0.3709,0.7401,0.833
0.920000,-0.0881,0.3655,0.7432,0.833
0.922000,-0.0837,0.3614,0.7454,0.833
0.925000,-0.0816,0.3565,0.7506,0.835
0.929000,-0.0789,0.3531,0.7594,0.841
0.932000,-0.0833,0.3484,0.7574,0.838
0.933000,-0.0837,0.3460,0.7559,0.836
0.935000,-0.0823,0.3389,0.7591,0.835
0.938000,-0.0789,0.3316,0.7591,0.832
0.940000,-0.0747,0.3343,0.7550,0.829
0.943000,-0.0723,0.3355,0.7481,0.823
0.948000,-0.0696,0.3367,0.7447,0.820
0.962000,-0.0718,0.3406,0.7340,0.812
0.963000,-0.0764,0.3448,0.7222,0.804
0.963000,-0.0864,0.3496,0.7120,0.798
0.963000,-0.0957,0.3528,0.6983,0.788
0.963000,-0.1038,0.3599,0.6822,0.778
0.963000,-0.1121,0.3655,0.6644,0.767
0.963000,-0.1199,0.3775,0.6392,0.752
0.964000,-0.1192,0.3875,0.6146,0.736
0.967000,-0.1165,0.4004,0.5823,0.716
0.969000,-0.1140,0.4122,0.5535,0.699
0.972000,-0.1074,0.4256,0.5252,0.684
0.974000,-0.0940,0.4351,0.4964,0.667
0.978000,-0.0842,0.4441,0.4671,0.650
0.981000,-0.0720,0.4510,0.4349,0.631
0.983000,-0.0632,0.4590,0.4060,0.616
0.985000,-0.0505,0.4634,0.3860,0.605
0.987000,-0.0400,0.4639,0.3689,0.594
0.990000,-0.0261,0.4661,0.3543,0.586
0.992000,-0.0173,0.4642,0.3474,0.580
0.994000,-0.0078,0.4603,0.3511,0.579
0.997000,0.0012,0.4578,0.3628,0.584
0.999000,0.0220,0.4488,0.3814,0.589
1.002000,0.0320,0.4422,0.4114,0.605
1.005000,0.0359,0.4312,0.4463,0.622
1.006000,0.0349,0.4200,0.4866,0.644
1.009000,0.0376,0.4112,0.5274,0.670
1.012000,0.0403,0.4026,0.5660,0.696
1.014000,0.0427,0.3965,0.6016,0.722
1.017000,0.0374,0.3868,0.6380,0.747
1.019000,0.0305,0.3785,0.6737,0.773
1.021000,0.0198,0.3667,0.7064,0.796
1.024000,0.0071,0.3577,0.7418,0.824
1.026000,-0.0054,0.3489,0.7801,0.855
1.029000,-0.0151,0.3472,0.8111,0.882
1.032000,-0.0178,0.3445,0.8331,0.902
1.035000,-0.0239,0.3391,0.8580,0.923
1.036000,-0.0376,0.3369,0.8839,0.947
1.039000,-0.0515,0.3343,0.9056,0.967
1.041000,-0.0664,0.3323,0.9183,0.979
1.048000,-0.0808,0.3348,0.9232,0.985
1.049000,-0.0955,0.3389,0.9254,0.990
1.049000,-0.1050,0.3445,0.9176,0.986
1.059000,-0.1143,0.3479,0.9054,0.977
1.059000,-0.1245,0.3567,0.8868,0.964
1.059000,-0.1355,0.3658,0.8665,0.950
1.059000,-0.1387,0.3758,0.8431,0.933
1.080000,-0.1441,0.3865,0.8162,0.915
1.080000,-0.1472,0.4002,0.7891,0.897
1.081000,-0.1475,0.4175,0.7562,0.876
1.081000,-0.1480,0.4290,0.7232,0.854
1.081000,-0.1463,0.4432,0.6871,0.831
1.081000,-0.1416,0.4527,0.6553,0.809
1.082000,-0.1458,0.4656,0.6256,0.793
1.082000,-0.1519,0.4783,0.6087,0.789
1.082000,-0.1680,0.4937,0.5982,0.794
1.085000,-0.1841,0.5110,0.5958,0.806
1.088000,-0.1973,0.5269,0.5977,0.821
1.088000,-0.2114,0.5413,0.6102,0.843
1.092000,-0.2163,0.5613,0.6280,0.870
1.095000,-0.2071,0.5782,0.6556,0.898
1.097000,-0.1951,0.5923,0.6820,0.924
1.098000,-0.1795,0.6041,0.7164,0.954
1.105000,-0.1695,0.6077,0.7574,0.986
1.106000,-0.1541,0.6065,0.8045,1.019
1.106000,-0.1392,0.5999,0.8595,1.057
1.108000,-0.1174,0.5875,0.9190,1.097
1.111000,-0.0911,0.5765,0.9769,1.138
1.113000,-0.0610,0.5596,1.0358,1.179
1.116000,-0.0269,0.5460,1.0904,1.220
1.118000,-0.0022,0.5296,1.1371,1.254
1.120000,0.0239,0.5179,1.1786,1.288
1.123000,0.0523,0.5108,1.2125,1.317
1.127000,0.0740,0.5130,1.2443,1.348
1.128000,0.0823,0.5157,1.2716,1.375
1.130000,0.0830,0.5176,1.2946,1.397
1.133000,0.0808,0.5154,1.3165,1.416
1.135000,0.0715,0.5149,1.3285,1.427
1.138000,0.0547,0.5181,1.3349,1.433
1.140000,0.0347,0.5245,1.3395,1.439
1.143000,0.0142,0.5355,1.3402,1.443
1.147000,-0.0129,0.5496,1.3402,1.449
1.148000,-0.0427,0.5672,1.3436,1.459
1.152000,-0.0735,0.5828,1.3495,1.472
1.153000,-0.1055,0.5982,1.3578,1.487
1.155000,-0.1311,0.6143,1.3656,1.503
1.159000,-0.1528,0.6229,1.3734,1.516
1.160000,-0.1709,0.6343,1.3827,1.531
1.171000,-0.1990,0.6448,1.3866,1.542
1.172000,-0.2246,0.6575,1.3922,1.556
1.173000,-0.2547,0.6702,1.3905,1.564
1.173000,-0.2786,0.6863,1.3949,1.579
1.174000,-0.2984,0.6976,1.3986,1.591
1.175000,-0.3162,0.7108,1.4098,1.610
1.179000,-0.3255,0.7152,1.4228,1.625
1.180000,-0.3316,0.7210,1.4311,1.636
1.185000,-0.3350,0.7249,1.4379,1.645
1.185000,-0.3326,0.7269,1.4413,1.648
1.187000,-0.3252,0.7281,1.4459,1.651
1.189000,-0.3160,0.7288,1.4442,1.648
1.192000,-0.3089,0.7293,1.4418,1.645
1.195000,-0.3008,0.7298,1.4340,1.637
1.200000,-0.2913,0.7323,1.4289,1.632
1.201000,-0.2837,0.7396,1.4284,1.633
1.202000,-0.2769,0.7474,1.4257,1.633
1.205000,-0.2725,0.7591,1.4242,1.637
1.207000,-0.2681,0.7684,1.4240,1.640
1.210000,-0.2642,0.7742,1.4220,1.641
1.212000,-0.2559,0.7767,1.4240,1.642
1.215000,-0.2476,0.7769,1.4323,1.648
1.217000,-0.2393,0.7725,1.4391,1.651
1.219000,-0.2288,0.7696,1.4535,1.661
1.221000,-0.2212,0.7650,1.4743,1.676
1.224000,-0.2171,0.7572,1.4923,1.687
1.226000,-0.2136,0.7545,1.5111,1.702
1.229000,-0.2063,0.7491,1.5302,1.716
1.233000,-0.1973,0.7406,1.5475,1.727
1.234000,-0.1885,0.7286,1.5646,1.736
1.237000,-0.1858,0.7171,1.5812,1.746
1.239000,-0.1790,0.7105,1.5929,1.753
1.242000,-0.1670,0.7083,1.5973,1.755
1.244000,-0.1565,0.7091,1.6032,1.760
1.248000,-0.1514,0.7083,1.6100,1.765
1.256000,-0.1485,0.7091,1.6122,1.768
1.256000,-0.1563,0.7073,1.6181,1.773
1.257000,-0.1692,0.7091,1.6254,1.781
1.257000,-0.1858,0.7095,1.6376,1.794
1.260000,-0.2075,0.7200,1.6437,1.806
1.273000,-0.2307,0.7296,1.6481,1.817
1.274000,-0.2510,0.7410,1.6520,1.828
1.274000,-0.2818,0.7535,1.6537,1.839
1.274000,-0.3140,0.7703,1.6586,1.856
1.275000,-0.3404,0.7862,1.6518,1.861
1.275000,-0.3594,0.8026,1.6469,1.867
1.285000,-0.3728,0.8182,1.6347,1.866
1.286000,-0.3797,0.8304,1.6198,1.859
1.286000,-0.3782,0.8382,1.6017,1.847
1.286000,-0.3738,0.8446,1.5788,1.829
1.289000,-0.3716,0.8448,1.5573,1.810
1.292000,-0.3697,0.8431,1.5338,1.789
1.292000,-0.3660,0.8412,1.5109,1.768
1.295000,-0.3616,0.8336,1.4823,1.739
1.297000,-0.3531,0.8292,1.4577,1.714
1.300000,-0.3379,0.8250,1.4342,1.689
1.302000,-0.3294,0.8214,1.4125,1.667
1.305000,-0.3160,0.8133,1.3942,1.645
1.305000,-0.3013,0.8065,1.3854,1.631
1.308000,-0.2852,0.7962,1.3766,1.616
1.318000,-0.2688,0.7855,1.3707,1.603
1.319000,-0.2578,0.7718,1.3637,1.588
1.320000,-0.2422,0.7540,1.3585,1.573
1.320000,-0.2261,0.7369,1.3563,1.560
1.321000,-0.2110,0.7222,1.3554,1.550
1.323000,-0.1919,0.7098,1.3480,1.536
1.325000,-0.1729,0.6971,1.3390,1.519
1.331000,-0.1482,0.6856,1.3307,1.504
1.331000,-0.1231,0.6783,1.3195,1.489
1.336000,-0.0984,0.6707,1.3078,1.473
1.337000,-0.0757,0.6622,1.2931,1.455
1.338000,-0.0601,0.6588,1.2758,1.437
1.340000,-0.0520,0.6578,1.2597,1.422
1.343000,-0.0466,0.6588,1.2394,1.404
1.349000,-0.0503,0.6607,1.2228,1.391
1.349000,-0.0606,0.6639,1.2057,1.378
1.356000,-0.0784,0.6693,1.1898,1.367
1.357000,-0.0994,0.6766,1.1776,1.362
1.358000,-0.1192,0.6851,1.1649,1.357
1.359000,-0.1331,0.6893,1.1493,1.347
1.361000,-0.1453,0.6973,1.1288,1.335
1.375000,-0.1680,0.7025,1.1163,1.330
1.375000,-0.1922,0.7030,1.1075,1.326
1.376000,-0.2122,0.7008,1.1022,1.323
1.376000,-0.2315,0.6942,1.1012,1.322
1.376000,-0.2532,0.6798,1.1107,1.327
1.376000,-0.2830,0.6693,1.1249,1.339
1.379000,-0.3096,0.6509,1.1454,1.353
1.383000,-0.3345,0.6365,1.1664,1.370
1.384000,-0.3538,0.6231,1.1888,1.388
1.386000,-0.3760,0.6099,1.2047,1.402
1.388000,-0.3975,0.6004,1.2201,1.417
1.390000,-0.4207,0.5928,1.2330,1.431
1.392000,-0.4458,0.5858,1.2455,1.447
1.394000,-0.4754,0.5855,1.2570,1.466
1.398000,-0.4986,0.5875,1.2743,1.489
1.400000,-0.5201,0.5911,1.2943,1.515
1.402000,-0.5362,0.5926,1.3173,1.541
1.404000,-0.5518,0.5960,1.3380,1.565
1.407000,-0.5565,0.5914,1.3595,1.584
1.409000,-0.5591,0.5814,1.3805,1.599
1.412000,-0.5538,0.5621,1.4030,1.610
1.415000,-0.5452,0.5406,1.4169,1.612
1.417000,-0.5291,0.5125,1.4225,1.602
1.419000,-0.5130,0.4852,1.4228,1.588
1.421000,-0.4942,0.4600,1.4115,1.565
1.424000,-0.4793,0.4436,1.3981,1.543
1.426000,-0.4681,0.4368,1.3742,1.516
1.430000,-0.4588,0.4334,1.3419,1.483
1.432000,-0.4515,0.4358,1.2987,1.442
1.434000,-0.4458,0.4375,1.2516,1.399
1.437000,-0.4439,0.4446,1.1998,1.354
1.439000,-0.4402,0.4502,1.1493,1.310
1.441000,-0.4334,0.4566,1.0987,1.266
1.444000,-0.4241,0.4598,1.0492,1.221
1.448000,-0.4161,0.4656,1.0011,1.180
1.450000,-0.4041,0.4646,0.9515,1.133
1.453000,-0.3882,0.4605,0.8983,1.082
1.454000,-0.3702,0.4524,0.8443,1.027
1.456000,-0.3526,0.4402,0.7943,0.974
1.460000,-0.3279,0.4251,0.7464,0.919
1.471000,-0.3013,0.4068,0.7017,0.865
1.471000,-0.2791,0.3841,0.6649,0.817
1.472000,-0.2586,0.3633,0.6353,0.776
1.472000,-0.2215,0.3474,0.6124,0.738
1.472000,-0.1763,0.3343,0.5953,0.705
1.474000,-0.1380,0.3235,0.5836,0.681
1.476000,-0.1006,0.3079,0.5713,0.657
1.484000,-0.0676,0.2962,0.5638,0.640
1.484000,-0.0388,0.2793,0.5596,0.627
1.484000,-0.0122,0.2620,0.5555,0.614
1.487000,0.0093,0.2429,0.5528,0.604
1.490000,0.0305,0.2222,0.5543,0.598
1.493000,0.0486,0.2019,0.5538,0.591
1.493000,0.0652,0.1856,0.5511,0.585
1.496000,0.0837,0.1734,0.5545,0.587
1.499000,0.0977,0.1604,0.5552,0.586
1.500000,0.1133,0.1499,0.5533,0.584
1.503000,0.1318,0.1375,0.5523,0.584
1.506000,0.1480,0.1297,0.5545,0.588
1.508000,0.1633,0.1240,0.5560,0.593
1.510000,0.1797,0.1192,0.5525,0.593
1.513000,0.1922,0.1133,0.5506,0.594
1.515000,0.2051,0.1077,0.5455,0.593
1.518000,0.2136,0.1023,0.5384,0.588
1.521000,0.2259,0.0918,0.5262,0.580
1.523000,0.2342,0.0837,0.5071,0.565
1.525000,0.2398,0.0798,0.4930,0.554
1.528000,0.2427,0.0811,0.4759,0.540
1.534000,0.2398,0.0884,0.4532,0.520
1.535000,0.2322,0.1011,0.4307,0.500
1.538000,0.2229,0.1192,0.3999,0.473
1.539000,0.2075,0.1406,0.3662,0.444
1.540000,0.1870,0.1602,0.3245,0.407
1.543000,0.1724,0.1817,0.2810,0.376
1.546000,0.1570,0.2029,0.2371,0.349
1.558000,0.1377,0.2268,0.1929,0.328
1.559000,0.1184,0.2451,0.1475,0.310
1.560000,0.1045,0.2627,0.1040,0.301
1.560000,0.0837,0.2810,0.0610,0.300
1.561000,0.0718,0.2979,0.0203,0.307
1.562000,0.0598,0.3130,-0.0166,0.319
1.591000,0.0461,0.3250,-0.0474,0.332
1.592000,0.0359,0.3374,-0.0745,0.347
1.592000,0.0271,0.3496,-0.0930,0.363
1.593000,0.0215,0.3557,-0.1091,0.373
1.593000,0.0173,0.3633,-0.1182,0.382
1.593000,0.0122,0.3672,-0.1231,0.387
1.593000,0.0073,0.3658,-0.1214,0.385
1.594000,0.0068,0.3623,-0.1128,0.380
1.594000,0.0073,0.3565,-0.0957,0.369
1.594000,0.0051,0.3506,-0.0737,0.358
1.594000,0.0010,0.3423,-0.0510,0.346
1.595000,-0.0012,0.3357,-0.0237,0.337
1.595000,-0.0063,0.3306,0.0032,0.331
1.595000,-0.0088,0.3206,0.0337,0.322
1.609000,-0.0129,0.3150,0.0579,0.321
1.610000,-0.0115,0.3037,0.0847,0.316
1.610000,-0.0122,0.2925,0.1113,0.313
1.610000,-0.0095,0.2820,0.1365,0.313
1.611000,-0.0088,0.2693,0.1653,0.316
1.618000,-0.0090,0.2566,0.1922,0.321
1.619000,-0.0042,0.2447,0.2161,0.326
1.619000,-0.0054,0.2320,0.2395,0.333
1.619000,-0.0042,0.2188,0.2598,0.340
1.621000,0.0005,0.2066,0.2766,0.345
1.622000,0.0076,0.1900,0.2937,0.350
1.626000,0.0149,0.1758,0.3135,0.360
1.627000,0.0222,0.1660,0.3323,0.372
1.629000,0.0276,0.1575,0.3465,0.382
1.632000,0.0330,0.1477,0.3582,0.389
1.639000,0.0410,0.1402,0.3636,0.392
1.639000,0.0493,0.1311,0.3643,0.390
1.639000,0.0591,0.1250,0.3575,0.383
1.641000,0.0652,0.1218,0.3484,0.375
1.644000,0.0730,0.1211,0.3306,0.360
1.646000,0.0762,0.1226,0.3133,0.345
1.650000,0.0759,0.1270,0.2920,0.327
1.652000,0.0745,0.1299,0.2683,0.307
1.654000,0.0674,0.1345,0.2385,0.282
1.656000,0.0574,0.1428,0.2092,0.260
1.658000,0.0466,0.1521,0.1804,0.241
1.661000,0.0386,0.1624,0.1487,0.224
1.666000,0.0303,0.1692,0.1174,0.208
1.673000,0.0266,0.1770,0.0852,0.198
1.674000,0.0230,0.1851,0.0586,0.195
1.674000,0.0176,0.1936,0.0325,0.197
1.674000,0.0178,0.1997,0.0149,0.201
1.676000,0.0127,0.2051,0.0027,0.206
1.680000,0.0117,0.2085,-0.0024,0.209
1.696000,0.0151,0.2112,-0.0061,0.212
1.697000,0.0215,0.2129,0.0000,0.214
1.698000,0.0271,0.2107,0.0039,0.212
1.699000,0.0330,0.2068,0.0110,0.210
1.699000,0.0408,0.2009,0.0222,0.206
1.699000,0.0452,0.1941,0.0376,0.203
1.699000,0.0452,0.1880,0.0574,0.202
1.700000,0.0496,0.1792,0.0791,0.202
1.703000,0.0562,0.1743,0.1040,0.211
1.703000,0.0618,0.1665,0.1333,0.222
1.707000,0.0679,0.1619,0.1580,0.236
1.710000,0.0742,0.1616,0.1851,0.257
1.710000,0.0830,0.1611,0.2151,0.281
1.714000,0.0859,0.1614,0.2415,0.303
1.718000,0.0891,0.1582,0.2713,0.326
1.719000,0.0903,0.1577,0.3020,0.353
1.722000,0.0974,0.1570,0.3365,0.384
1.727000,0.1030,0.1516,0.3755,0.418
1.727000,0.1084,0.1485,0.4175,0.456
1.729000,0.1148,0.1470,0.4551,0.492
1.732000,0.1231,0.1382,0.4964,0.530
1.734000,0.1294,0.1323,0.5350,0.566
1.735000,0.1301,0.1250,0.5743,0.602
1.738000,0.1311,0.1250,0.6121,0.638
1.740000,0.1292,0.1318,0.6492,0.675
1.743000,0.1248,0.1397,0.6761,0.702
1.745000,0.1152,0.1536,0.6993,0.725
1.749000,0.1016,0.1758,0.7225,0.750
1.750000,0.0811,0.2036,0.7420,0.774
1.753000,0.0615,0.2376,0.7564,0.795
1.755000,0.0388,0.2708,0.7635,0.811
1.758000,0.0132,0.3079,0.7647,0.824
1.760000,-0.0154,0.3457,0.7679,0.842
1.767000,-0.0476,0.3858,0.7721,0.864
1.768000,-0.0835,0.4246,0.7806,0.893
1.768000,-0.1189,0.4664,0.7906,0.926
1.776000,-0.1504,0.5074,0.8035,0.962
1.776000,-0.1729,0.5455,0.8126,0.994
1.777000,-0.1902,0.5838,0.8155,1.021
1.778000,-0.1997,0.6197,0.8165,1.044
1.787000,-0.2041,0.6570,0.8165,1.068
1.788000,-0.2034,0.6856,0.8097,1.080
1.789000,-0.1951,0.7113,0.8038,1.091
1.789000,-0.1856,0.7366,0.7967,1.101
1.791000,-0.1760,0.7542,0.7911,1.107
1.792000,-0.1673,0.7662,0.7906,1.114
1.795000,-0.1599,0.7728,0.8001,1.124
1.799000,-0.1609,0.7762,0.8143,1.136
1.801000,-0.1697,0.7757,0.8407,1.156
1.803000,-0.1878,0.7740,0.8748,1.183
1.805000,-0.2139,0.7806,0.9098,1.218
1.807000,-0.2398,0.7860,0.9410,1.249
1.809000,-0.2688,0.7904,0.9698,1.280
1.812000,-0.2930,0.7972,1.0003,1.312
1.814000,-0.3169,0.8079,1.0328,1.349
1.818000,-0.3340,0.8204,1.0731,1.391
1.819000,-0.3509,0.8316,1.1163,1.436
1.822000,-0.3702,0.8495,1.1598,1.484
1.825000,-0.3853,0.8680,1.2094,1.538
1.827000,-0.3955,0.8866,1.2545,1.586
1.830000,-0.4075,0.8985,1.2987,1.631
1.833000,-0.4239,0.9124,1.3368,1.673
1.838000,-0.4412,0.9247,1.3717,1.712
1.838000,-0.4493,0.9369,1.4083,1.750
1.840000,-0.4517,0.9491,1.4259,1.771
1.843000,-0.4544,0.9498,1.4394,1.783
1.845000,-0.4583,0.9515,1.4462,1.791
1.848000,-0.4595,0.9483,1.4525,1.795
1.851000,-0.4617,0.9381,1.4560,1.792
1.853000,-0.4581,0.9288,1.4552,1.786
1.856000,-0.4519,0.9161,1.4486,1.773
1.857000,-0.4451,0.8946,1.4408,1.753
1.859000,-0.4334,0.8714,1.4296,1.729
1.862000,-0.4197,0.8490,1.4176,1.705
1.866000,-0.4019,0.8243,1.4042,1.677
1.867000,-0.3816,0.7979,1.3878,1.646
1.870000,-0.3560,0.7728,1.3617,1.606
1.872000,-0.3311,0.7501,1.3366,1.568
1.874000,-0.3050,0.7308,1.3070,1.528
1.876000,-0.2769,0.7120,1.2660,1.479
1.879000,-0.2473,0.6917,1.2269,1.430
1.900000,-0.2188,0.6800,1.1871,1.385
1.900000,-0.1970,0.6671,1.1481,1.342
1.901000,-0.1751,0.6602,1.1136,1.306
1.901000,-0.1602,0.6573,1.0836,1.277
1.901000,-0.1497,0.6531,1.0577,1.252
1.901000,-0.1382,0.6453,1.0433,1.235
1.901000,-0.1345,0.6343,1.0387,1.224
1.901000,-0.1380,0.6253,1.0509,1.231
1.910000,-0.1467,0.6153,1.0880,1.259
1.910000,-0.1653,0.6038,1.1512,1.310
1.910000,-0.1885,0.5870,1.2352,1.381
1.910000,-0.2183,0.5662,1.3314,1.463
1.911000,-0.2486,0.5433,1.4354,1.555
1.913000,-0.2845,0.5210,1.5570,1.666
1.922000,-0.3250,0.4874,1.6886,1.787
1.922000,-0.3675,0.4539,1.8290,1.920
1.922000,-0.4082,0.4141,1.9680,2.052
1.923000,-0.4451,0.3728,2.1030,2.182
1.926000,-0.4839,0.3323,2.2258,2.302
1.940000,-0.5184,0.2957,2.3447,2.419
1.941000,-0.5489,0.2622,2.4470,2.522
1.942000,-0.5733,0.2371,2.5359,2.611
1.942000,-0.5848,0.2185,2.6030,2.677
1.943000,-0.5892,0.2080,2.6490,2.722
1.943000,-0.5884,0.1992,2.6704,2.742
1.943000,-0.5762,0.1966,2.6717,2.740
1.945000,-0.5599,0.1997,2.6516,2.717
1.958000,-0.5377,0.2075,2.6070,2.670
1.959000,-0.5118,0.2136,2.5396,2.599
1.959000,-0.4837,0.2251,2.4504,2.508
1.960000,-0.4561,0.2383,2.3391,2.395
1.960000,-0.4285,0.2537,2.2117,2.267
1.961000,-0.4007,0.2708,2.0783,2.134
1.974000,-0.3694,0.2864,1.9401,1.996
1.974000,-0.3365,0.3047,1.8129,1.869
1.975000,-0.3086,0.3179,1.6921,1.749
1.975000,-0.2779,0.3262,1.5722,1.630
1.976000,-0.2461,0.3391,1.4477,1.507
1.976000,-0.2053,0.3548,1.3187,1.381
1.977000,-0.1624,0.3746,1.1908,1.259
2.017000,-0.1277,0.3943,1.0646,1.142
2.018000,-0.1021,0.4119,0.9444,1.035
2.019000,-0.0830,0.4278,0.8368,0.943
2.020000,-0.0696,0.4436,0.7335,0.860
2.020000,-0.0615,0.4549,0.6392,0.787
2.021000,-0.0493,0.4649,0.5540,0.725
2.021000,-0.0427,0.4737,0.4808,0.676
2.022000,-0.0354,0.4830,0.4141,0.637
2.023000,-0.0356,0.4920,0.3565,0.609
2.023000,-0.0349,0.4964,0.3059,0.584
2.024000,-0.0408,0.5010,0.2625,0.567
2.024000,-0.0454,0.5049,0.2295,0.557
2.025000,-0.0523,0.5069,0.2002,0.547
2.025000,-0.0608,0.5081,0.1765,0.541
2.026000,-0.0696,0.5069,0.1582,0.536
2.027000,-0.0796,0.5037,0.1438,0.530
2.027000,-0.0896,0.5013,0.1328,0.526
2.028000,-0.0972,0.4954,0.1262,0.520
2.028000,-0.1052,0.4878,0.1255,0.515
2.029000,-0.1160,0.4803,0.1289,0.511
2.034000,-0.1201,0.4729,0.1380,0.507
2.036000,-0.1267,0.4683,0.1528,0.509
2.040000,-0.1328,0.4625,0.1719,0.511
2.041000,-0.1404,0.4585,0.1929,0.517
2.041000,-0.1504,0.4571,0.2190,0.529
2.043000,-0.1590,0.4541,0.2505,0.542
2.046000,-0.1714,0.4466,0.2849,0.557
2.046000,-0.1829,0.4385,0.3282,0.577
2.054000,-0.1934,0.4263,0.3682,0.596
2.054000,-0.1980,0.4146,0.4126,0.618
2.055000,-0.1985,0.4021,0.4515,0.636
2.056000,-0.1953,0.3897,0.4927,0.658
2.060000,-0.1926,0.3811,0.5286,0.680
2.062000,-0.1878,0.3755,0.5621,0.702
2.069000,-0.1799,0.3709,0.5860,0.716
2.069000,-0.1697,0.3670,0.6058,0.728
2.079000,-0.1541,0.3623,0.6207,0.735
2.080000,-0.1370,0.3589,0.6326,0.740
2.080000,-0.1196,0.3614,0.6429,0.747
2.080000,-0.1067,0.3623,0.6522,0.754
2.081000,-0.0938,0.3633,0.6578,0.757
2.081000,-0.0845,0.3675,0.6585,0.759
2.094000,-0.0737,0.3728,0.6597,0.761
2.095000,-0.0601,0.3780,0.6590,0.762
2.096000,-0.0464,0.3865,0.6573,0.764
2.096000,-0.0332,0.3995,0.6592,0.772
2.097000,-0.0278,0.4104,0.6592,0.777
2.099000,-0.0300,0.4236,0.6568,0.782
2.101000,-0.0320,0.4351,0.6519,0.784
2.102000,-0.0359,0.4493,0.6473,0.789
2.108000,-0.0449,0.4634,0.6375,0.789
2.109000,-0.0479,0.4786,0.6307,0.793
2.109000,-0.0554,0.4922,0.6221,0.795
2.112000,-0.0610,0.5059,0.6177,0.801
2.114000,-0.0715,0.5181,0.6133,0.806
2.119000,-0.0816,0.5323,0.6173,0.819
2.120000,-0.0884,0.5462,0.6175,0.829
2.121000,-0.0977,0.5601,0.6141,0.837
2.123000,-0.1065,0.5674,0.6155,0.844
2.126000,-0.1140,0.5699,0.6163,0.847
2.128000,-0.1226,0.5718,0.6243,0.855
2.131000,-0.1299,0.5726,0.6309,0.862
2.138000,-0.1355,0.5748,0.6412,0.872
2.138000,-0.1443,0.5784,0.6575,0.888
2.139000,-0.1470,0.5804,0.6717,0.900
2.141000,-0.1504,0.5821,0.6907,0.916
2.143000,-0.1585,0.5862,0.7110,0.935
2.145000,-0.1604,0.5889,0.7366,0.957
2.149000,-0.1648,0.5906,0.7659,0.981
2.152000,-0.1692,0.5906,0.7965,1.006
2.153000,-0.1716,0.5894,0.8294,1.032
2.155000,-0.1753,0.5867,0.8643,1.059
2.158000,-0.1821,0.5814,0.9010,1.088
2.160000,-0.1851,0.5753,0.9393,1.117
2.163000,-0.1939,0.5706,0.9808,1.151
2.167000,-0.1995,0.5608,1.0260,1.186
2.171000,-0.2061,0.5547,1.0724,1.225
2.172000,-0.2075,0.5420,1.1236,1.265
2.173000,-0.2083,0.5289,1.1761,1.306
2.175000,-0.2083,0.5220,1.2274,1.350
2.178000,-0.2068,0.5118,1.2765,1.391
2.207000,-0.2100,0.5044,1.3251,1.433
2.208000,-0.2134,0.4949,1.3720,1.474
2.209000,-0.2141,0.4849,1.4130,1.509
2.209000,-0.2195,0.4739,1.4481,1.539
2.209000,-0.2251,0.4620,1.4796,1.566
2.210000,-0.2324,0.4490,1.5048,1.587
2.210000,-0.2378,0.4373,1.5233,1.603
2.210000,-0.2442,0.4258,1.5365,1.613
2.210000,-0.2456,0.4183,1.5446,1.619
2.211000,-0.2466,0.4129,1.5500,1.623
2.211000,-0.2522,0.4068,1.5502,1.622
2.211000,-0.2530,0.4024,1.5492,1.620
2.211000,-0.2542,0.4029,1.5419,1.614
2.214000,-0.2552,0.4009,1.5331,1.605
2.217000,-0.2581,0.4036,1.5124,1.586
2.219000,-0.2581,0.4039,1.4899,1.565
2.221000,-0.2578,0.4085,1.4557,1.534
2.222000,-0.2542,0.4134,1.4171,1.498
2.224000,-0.2488,0.4148,1.3717,1.455
2.227000,-0.2356,0.4165,1.3253,1.409
2.230000,-0.2219,0.4212,1.2765,1.362
2.233000,-0.2088,0.4227,1.2255,1.313
2.235000,-0.1912,0.4219,1.1803,1.268
2.237000,-0.1773,0.4251,1.1346,1.225
2.240000,-0.1626,0.4270,1.0931,1.185
2.242000,-0.1475,0.4290,1.0533,1.147
2.244000,-0.1309,0.4334,1.0179,1.114
2.246000,-0.1143,0.4334,0.9837,1.081
2.250000,-0.1008,0.4332,0.9464,1.046
2.253000,-0.0894,0.4351,0.9142,1.016
2.256000,-0.0769,0.4371,0.8824,0.988
2.257000,-0.0686,0.4385,0.8531,0.962
2.260000,-0.0557,0.4388,0.8216,0.933
2.263000,-0.0432,0.4407,0.7923,0.908
2.271000,-0.0308,0.4436,0.7625,0.883
2.272000,-0.0232,0.4439,0.7366,0.860
2.273000,-0.0122,0.4444,0.7125,0.840
2.273000,-0.0061,0.4485,0.6885,0.822
2.275000,0.0005,0.4539,0.6680,0.808
2.276000,0.0042,0.4556,0.6495,0.793
2.279000,0.0071,0.4605,0.6351,0.784
2.282000,0.0051,0.4654,0.6265,0.780
2.288000,0.0029,0.4676,0.6187,0.776
2.288000,0.0005,0.4703,0.6138,0.773
2.288000,-0.0046,0.4727,0.6143,0.775
2.292000,-0.0120,0.4744,0.6168,0.778
2.293000,-0.0205,0.4756,0.6260,0.786
2.296000,-0.0271,0.4751,0.6329,0.792
2.299000,-0.0322,0.4766,0.6446,0.802
2.301000,-0.0415,0.4759,0.6583,0.813
2.303000,-0.0447,0.4754,0.6737,0.826
2.306000,-0.0491,0.4754,0.6861,0.836
2.308000,-0.0520,0.4761,0.7027,0.850
2.311000,-0.0535,0.4742,0.7208,0.864
2.313000,-0.0562,0.4715,0.7393,0.879
2.316000,-0.0557,0.4686,0.7562,0.891
2.319000,-0.0547,0.4654,0.7725,0.904
2.321000,-0.0549,0.4603,0.7845,0.911
2.323000,-0.0554,0.4559,0.7994,0.922
2.325000,-0.0525,0.4539,0.8106,0.931
2.328000,-0.0525,0.4541,0.8162,0.936
2.331000,-0.0549,0.4546,0.8233,0.942
2.333000,-0.0559,0.4561,0.8302,0.949
2.336000,-0.0596,0.4610,0.8346,0.955
2.341000,-0.0601,0.4637,0.8419,0.963
2.341000,-0.0613,0.4656,0.8438,0.966
2.343000,-0.0615,0.4654,0.8485,0.970
2.345000,-0.0571,0.4646,0.8536,0.974
2.351000,-0.0552,0.4620,0.8534,0.972
2.352000,-0.0549,0.4639,0.8595,0.978
2.353000,-0.0542,0.4629,0.8631,0.981
2.361000,-0.0576,0.4659,0.8702,0.989
2.362000,-0.0645,0.4705,0.8734,0.994
2.363000,-0.0693,0.4712,0.8770,0.998
2.363000,-0.0701,0.4710,0.8778,0.999
2.375000,-0.0715,0.4659,0.8812,0.999
2.376000,-0.0696,0.4642,0.8849,1.002
2.376000,-0.0667,0.4627,0.8917,1.007
2.377000,-0.0649,0.4603,0.9007,1.014
2.377000,-0.0632,0.4576,0.9122,1.022
2.380000,-0.0632,0.4568,0.9198,1.029
2.381000,-0.0620,0.4549,0.9273,1.035
2.384000,-0.0615,0.4515,0.9359,1.041
2.386000,-0.0630,0.4468,0.9452,1.047
2.387000,-0.0628,0.4424,0.9520,1.052
2.391000,-0.0618,0.4390,0.9632,1.060
2.393000,-0.0601,0.4361,0.9696,1.065
2.395000,-0.0601,0.4314,0.9764,1.069
2.398000,-0.0584,0.4258,0.9837,1.074
2.400000,-0.0544,0.4185,0.9894,1.076
2.402000,-0.0549,0.4134,1.0003,1.084
2.404000,-0.0527,0.4060,1.0082,1.088
2.407000,-0.0498,0.3999,1.0201,1.097
2.409000,-0.0496,0.3968,1.0333,1.108
2.412000,-0.0449,0.3914,1.0441,1.116
2.415000,-0.0430,0.3863,1.0550,1.124
2.417000,-0.0420,0.3797,1.0641,1.131
2.420000,-0.0383,0.3724,1.0775,1.141
2.422000,-0.0386,0.3641,1.0897,1.150
2.424000,-0.0386,0.3572,1.0943,1.152
2.427000,-0.0396,0.3523,1.1039,1.159
2.429000,-0.0374,0.3479,1.1100,1.164
2.432000,-0.0393,0.3443,1.1134,1.166
2.439000,-0.0388,0.3426,1.1156,1.168
2.440000,-0.0413,0.3431,1.1097,1.162
2.441000,-0.0418,0.3450,1.1063,1.160
2.443000,-0.0439,0.3489,1.0980,1.153
2.445000,-0.0454,0.3543,1.0892,1.146
2.447000,-0.0457,0.3616,1.0780,1.138
2.451000,-0.0459,0.3692,1.0653,1.128
2.453000,-0.0461,0.3760,1.0480,1.114
2.454000,-0.0474,0.3850,1.0301,1.101
2.457000,-0.0474,0.3924,1.0074,1.082
2.459000,-0.0418,0.3982,0.9833,1.062
2.475000,-0.0376,0.4063,0.9591,1.042
2.476000,-0.0347,0.4114,0.9337,1.021
2.476000,-0.0288,0.4178,0.9129,1.004
2.476000,-0.0254,0.4178,0.8929,0.986
2.476000,-0.0215,0.4236,0.8746,0.972
2.476000,-0.0144,0.4268,0.8578,0.958
2.477000,-0.0059,0.4300,0.8407,0.944
2.479000,-0.0039,0.4358,0.8255,0.934
2.484000,0.0005,0.4417,0.8138,0.926
2.485000,0.0029,0.4461,0.8048,0.920
2.487000,0.0083,0.4498,0.7994,0.917
2.489000,0.0107,0.4527,0.7957,0.916
2.492000,0.0168,0.4512,0.7943,0.914
2.494000,0.0168,0.4532,0.7972,0.917
2.496000,0.0173,0.4510,0.8028,0.921
2.500000,0.0149,0.4512,0.8079,0.926
2.501000,0.0107,0.4522,0.8177,0.934
2.504000,0.0081,0.4510,0.8248,0.940
2.506000,0.0049,0.4498,0.8338,0.947
2.508000,0.0020,0.4488,0.8414,0.954
2.511000,-0.0010,0.4446,0.8490,0.958
2.513000,-0.0037,0.4449,0.8560,0.965
2.518000,-0.0103,0.4434,0.8707,0.977
2.519000,-0.0146,0.4441,0.8858,0.991
2.521000,-0.0210,0.4466,0.9005,1.005
2.523000,-0.0300,0.4463,0.9159,1.019
2.526000,-0.0335,0.4483,0.9251,1.029
2.529000,-0.0400,0.4519,0.9347,1.039
2.531000,-0.0464,0.4554,0.9439,1.049
2.533000,-0.0508,0.4544,0.9544,1.058
2.536000,-0.0571,0.4537,0.9630,1.066
2.540000,-0.0628,0.4546,0.9684,1.072
2.541000,-0.0693,0.4566,0.9745,1.078
2.545000,-0.0745,0.4590,0.9767,1.082
2.546000,-0.0779,0.4578,0.9828,1.087
2.551000,-0.0801,0.4627,0.9825,1.089
2.552000,-0.0842,0.4632,0.9845,1.091
2.554000,-0.0894,0.4625,0.9815,1.089
2.556000,-0.0933,0.4686,0.9835,1.093
2.558000,-0.0977,0.4681,0.9803,1.091
2.563000,-0.0999,0.4742,0.9752,1.089
2.563000,-0.0996,0.4773,0.9684,1.084
2.582000,-0.0960,0.4803,0.9620,1.080
2.583000,-0.0928,0.4810,0.9552,1.073
2.583000,-0.0879,0.4820,0.9513,1.070
2.583000,-0.0847,0.4834,0.9457,1.065
2.583000,-0.0796,0.4808,0.9400,1.059
2.583000,-0.0767,0.4803,0.9354,1.054
2.584000,-0.0737,0.4805,0.9293,1.049
2.584000,-0.0679,0.4795,0.9225,1.042
2.585000,-0.0613,0.4756,0.9171,1.035
2.589000,-0.0552,0.4756,0.9078,1.026
2.591000,-0.0527,0.4742,0.9019,1.020
2.594000,-0.0483,0.4776,0.8956,1.016
2.595000,-0.0405,0.4732,0.8914,1.010
2.597000,-0.0356,0.4751,0.8878,1.008
2.602000,-0.0288,0.4744,0.8839,1.004
2.602000,-0.0264,0.4727,0.8844,1.003
2.610000,-0.0198,0.4703,0.8814,0.999
2.611000,-0.0183,0.4695,0.8817,0.999
2.611000,-0.0132,0.4656,0.8834,0.999
2.612000,-0.0137,0.4664,0.8824,0.998
2.615000,-0.0137,0.4629,0.8849,0.999
2.619000,-0.0161,0.4620,0.8863,1.000
2.620000,-0.0205,0.4622,0.8868,1.000
2.622000,-0.0232,0.4610,0.8897,1.002
2.624000,-0.0281,0.4617,0.8888,1.002
2.627000,-0.0339,0.4651,0.8885,1.003
2.630000,-0.0418,0.4686,0.8849,1.002
2.632000,-0.0471,0.4720,0.8814,1.001
2.636000,-0.0527,0.4759,0.8817,1.003
2.637000,-0.0564,0.4759,0.8817,1.003
2.640000,-0.0647,0.4749,0.8831,1.005
2.643000,-0.0732,0.4722,0.8868,1.007
2.645000,-0.0757,0.4710,0.8919,1.011
2.647000,-0.0813,0.4732,0.8939,1.015
2.651000,-0.0835,0.4705,0.8958,1.015
2.655000,-0.0850,0.4717,0.8961,1.016
2.655000,-0.0837,0.4703,0.8985,1.018
2.657000,-0.0833,0.4722,0.9015,1.021
2.660000,-0.0820,0.4693,0.9024,1.020
2.662000,-0.0816,0.4695,0.9046,1.022
2.665000,-0.0816,0.4678,0.9115,1.028
2.669000,-0.0801,0.4642,0.9149,1.029
2.671000,-0.0767,0.4610,0.9166,1.029
2.685000,-0.0754,0.4583,0.9176,1.028
2.685000,-0.0713,0.4563,0.9222,1.031
2.686000,-0.0681,0.4527,0.9222,1.030
2.686000,-0.0662,0.4532,0.9232,1.031
2.686000,-0.0618,0.4524,0.9251,1.032
2.686000,-0.0596,0.4493,0.9237,1.029
2.693000,-0.0635,0.4515,0.9237,1.030
2.697000,-0.0591,0.4534,0.9229,1.030
2.698000,-0.0603,0.4522,0.9217,1.028
2.698000,-0.0571,0.4512,0.9210,1.027
2.698000,-0.0554,0.4519,0.9203,1.027
2.699000,-0.0566,0.4498,0.9178,1.024
2.702000,-0.0562,0.4510,0.9186,1.025
2.707000,-0.0552,0.4522,0.9171,1.024
2.707000,-0.0530,0.4517,0.9134,1.020
2.710000,-0.0498,0.4507,0.9068,1.014
2.712000,-0.0481,0.4500,0.8990,1.007
2.713000,-0.0476,0.4498,0.8924,1.000
2.716000,-0.0437,0.4478,0.8897,0.997
2.720000,-0.0408,0.4468,0.8839,0.991
2.722000,-0.0383,0.4434,0.8827,0.989
2.723000,-0.0364,0.4417,0.8783,0.984
2.726000,-0.0352,0.4432,0.8751,0.982
2.728000,-0.0344,0.4446,0.8726,0.980
2.732000,-0.0347,0.4441,0.8714,0.979
2.735000,-0.0339,0.4441,0.8687,0.976
2.737000,-0.0366,0.4446,0.8665,0.975
2.739000,-0.0376,0.4422,0.8631,0.971
2.741000,-0.0396,0.4439,0.8609,0.969
2.743000,-0.0439,0.4451,0.8595,0.969
2.745000,-0.0469,0.4473,0.8590,0.970
2.750000,-0.0476,0.4485,0.8575,0.969
2.751000,-0.0483,0.4488,0.8556,0.967
2.753000,-0.0476,0.4483,0.8580,0.969
2.756000,-0.0466,0.4490,0.8573,0.969
2.758000,-0.0471,0.4490,0.8582,0.970
2.760000,-0.0452,0.4488,0.8607,0.972
2.763000,-0.0464,0.4463,0.8658,0.975
2.767000,-0.0466,0.4471,0.8687,0.978
2.769000,-0.0476,0.4473,0.8722,0.981
2.772000,-0.0501,0.4466,0.8746,0.983
2.773000,-0.0508,0.4461,0.8775,0.986
2.776000,-0.0481,0.4451,0.8775,0.985
2.779000,-0.0471,0.4502,0.8770,0.987
2.780000,-0.0479,0.4507,0.8766,0.987
2.808000,-0.0461,0.4505,0.8753,0.986
2.809000,-0.0437,0.4537,0.8729,0.985
2.809000,-0.0408,0.4563,0.8683,0.982
2.810000,-0.0422,0.4590,0.8639,0.979
2.810000,-0.0444,0.4646,0.8619,0.980
2.810000,-0.0469,0.4664,0.8553,0.975
2.810000,-0.0479,0.4661,0.8473,0.968
2.811000,-0.0449,0.4644,0.8370,0.958
2.811000,-0.0398,0.4642,0.8255,0.948
2.811000,-0.0337,0.4620,0.8216,0.943
2.811000,-0.0276,0.4622,0.8199,0.942
2.812000,-0.0278,0.4627,0.8216,0.943
2.812000,-0.0244,0.4644,0.8226,0.945
2.817000,-0.0234,0.4681,0.8280,0.951
2.819000,-0.0239,0.4700,0.8297,0.954
2.820000,-0.0200,0.4727,0.8304,0.956
2.826000,-0.0198,0.4695,0.8299,0.954
2.826000,-0.0220,0.4683,0.8316,0.955
2.828000,-0.0254,0.4683,0.8307,0.954
2.830000,-0.0278,0.4671,0.8328,0.955
2.832000,-0.0308,0.4671,0.8326,0.955
2.835000,-0.0320,0.4661,0.8341,0.956
2.838000,-0.0344,0.4656,0.8370,0.958
2.840000,-0.0364,0.4683,0.8370,0.960
2.843000,-0.0359,0.4666,0.8402,0.962
2.844000,-0.0359,0.4646,0.8416,0.962
2.847000,-0.0325,0.4654,0.8438,0.964
2.852000,-0.0322,0.4654,0.8441,0.964
2.859000,-0.0305,0.4644,0.8475,0.967
2.860000,-0.0320,0.4610,0.8524,0.970
2.860000,-0.0308,0.4568,0.8551,0.970
2.860000,-0.0308,0.4551,0.8551,0.969
2.862000,-0.0281,0.4507,0.8582,0.970
2.864000,-0.0234,0.4493,0.8592,0.970
2.880000,-0.0200,0.4476,0.8604,0.970
2.880000,-0.0139,0.4480,0.8619,0.972
2.880000,-0.0110,0.4461,0.8651,0.973
2.881000,-0.0083,0.4424,0.8702,0.976
2.881000,-0.0083,0.4415,0.8763,0.981
2.881000,-0.0100,0.4402,0.8809,0.985
2.889000,-0.0117,0.4395,0.8858,0.989
2.889000,-0.0142,0.4385,0.8936,0.996
2.889000,-0.0200,0.4405,0.8993,1.002
2.889000,-0.0217,0.4417,0.9078,1.010
2.892000,-0.0249,0.4454,0.9115,1.015
2.894000,-0.0310,0.4463,0.9168,1.020
2.896000,-0.0374,0.4500,0.9212,1.026
2.899000,-0.0466,0.4549,0.9269,1.034
2.902000,-0.0525,0.4571,0.9295,1.037
2.904000,-0.0613,0.4620,0.9305,1.041
2.906000,-0.0662,0.4671,0.9310,1.044
2.909000,-0.0698,0.4708,0.9308,1.045
2.911000,-0.0708,0.4717,0.9286,1.044
2.913000,-0.0696,0.4766,0.9256,1.043
2.916000,-0.0679,0.4788,0.9215,1.041
2.919000,-0.0681,0.4800,0.9178,1.038
2.922000,-0.0654,0.4844,0.9093,1.032
2.923000,-0.0603,0.4859,0.9007,1.025
2.925000,-0.0571,0.4859,0.8927,1.018
2.928000,-0.0537,0.4874,0.8829,1.010
2.931000,-0.0493,0.4856,0.8795,1.006
2.933000,-0.0471,0.4876,0.8707,0.999
2.936000,-0.0430,0.4886,0.8639,0.993
2.938000,-0.0391,0.4898,0.8590,0.990
2.941000,-0.0354,0.4883,0.8560,0.986
2.943000,-0.0298,0.4878,0.8531,0.983
2.946000,-0.0251,0.4893,0.8502,0.981
2.948000,-0.0200,0.4886,0.8470,0.978
2.958000,-0.0164,0.4847,0.8465,0.976
2.959000,-0.0139,0.4844,0.8443,0.974
2.961000,-0.0144,0.4830,0.8433,0.972
2.962000,-0.0137,0.4810,0.8433,0.971
2.962000,-0.0139,0.4798,0.8451,0.972
2.964000,-0.0144,0.4795,0.8465,0.973
2.974000,-0.0142,0.4788,0.8534,0.979
2.975000,-0.0127,0.4776,0.8548,0.979
2.975000,-0.0098,0.4803,0.8558,0.981
2.975000,-0.0071,0.4759,0.8553,0.979
2.975000,-0.0071,0.4725,0.8604,0.982
2.985000,-0.0107,0.4693,0.8636,0.983
2.985000,-0.0176,0.4661,0.8683,0.986
2.986000,-0.0264,0.4683,0.8744,0.992
2.986000,-0.0332,0.4681,0.8775,0.995
2.989000,-0.0408,0.4681,0.8809,0.998
2.991000,-0.0435,0.4659,0.8922,1.007
2.994000,-0.0476,0.4673,0.9037,1.018
2.996000,-0.0544,0.4668,0.9105,1.025
2.997000,-0.0571,0.4671,0.9181,1.032
3.000000,-0.0618,0.4700,0.9242,1.039
3.006000,-0.0652,0.4742,0.9288,1.045
3.006000,-0.0659,0.4751,0.9278,1.044
3.008000,-0.0679,0.4744,0.9288,1.045
3.010000,-0.0752,0.4729,0.9273,1.044
3.012000,-0.0774,0.4710,0.9308,1.046
3.015000,-0.0806,0.4712,0.9269,1.043
3.018000,-0.0835,0.4742,0.9298,1.047
3.022000,-0.0850,0.4766,0.9288,1.047
3.023000,-0.0842,0.4791,0.9281,1.048
3.025000,-0.0869,0.4805,0.9266,1.047
3.028000,-0.0850,0.4852,0.9217,1.045
3.030000,-0.0867,0.4886,0.9190,1.044
3.033000,-0.0857,0.4859,0.9164,1.041
3.035000,-0.0899,0.4874,0.9122,1.038
3.038000,-0.0894,0.4900,0.9083,1.036
3.041000,-0.0928,0.4918,0.9022,1.032
3.043000,-0.0916,0.4937,0.8993,1.030
3.045000,-0.0942,0.4937,0.8958,1.027
3.047000,-0.0950,0.4935,0.8956,1.027
3.052000,-0.0938,0.4939,0.8946,1.026
3.053000,-0.0916,0.4954,0.8946,1.027
3.058000,-0.0901,0.4932,0.8956,1.026
3.058000,-0.0855,0.4932,0.8946,1.025
3.059000,-0.0859,0.4905,0.8951,1.024
3.062000,-0.0862,0.4893,0.8968,1.025
3.064000,-0.0852,0.4905,0.8956,1.025
3.072000,-0.0862,0.4881,0.8961,1.024
3.072000,-0.0830,0.4871,0.8963,1.024
3.073000,-0.0837,0.4861,0.8988,1.025
3.074000,-0.0825,0.4834,0.8998,1.025
3.077000,-0.0811,0.4822,0.9010,1.025
3.080000,-0.0796,0.4849,0.9022,1.027
3.082000,-0.0803,0.4844,0.9019,1.027
3.108000,-0.0813,0.4839,0.9051,1.030
3.109000,-0.0798,0.4834,0.9068,1.031
3.109000,-0.0776,0.4817,0.9068,1.030
3.109000,-0.0762,0.4815,0.9093,1.032
3.110000,-0.0754,0.4805,0.9112,1.033
3.110000,-0.0750,0.4815,0.9124,1.034
3.110000,-0.0774,0.4817,0.9149,1.037
3.110000,-0.0786,0.4803,0.9171,1.038
3.111000,-0.0791,0.4815,0.9203,1.042
3.112000,-0.0823,0.4834,0.9164,1.039
3.112000,-0.0837,0.4842,0.9151,1.039
3.113000,-0.0864,0.4844,0.9139,1.038
3.114000,-0.0869,0.4859,0.9112,1.036
3.118000,-0.0889,0.4869,0.9073,1.034
3.119000,-0.0874,0.4891,0.9054,1.033
3.122000,-0.0896,0.4908,0.9015,1.030
3.123000,-0.0891,0.4910,0.8980,1.027
3.126000,-0.0884,0.4913,0.8954,1.025
3.130000,-0.0889,0.4910,0.8883,1.019
3.130000,-0.0889,0.4932,0.8878,1.019
3.134000,-0.0879,0.4908,0.8829,1.014
3.136000,-0.0874,0.4922,0.8778,1.010
3.139000,-0.0859,0.4925,0.8736,1.007
3.142000,-0.0891,0.4939,0.8744,1.008
3.143000,-0.0869,0.4918,0.8753,1.008
3.146000,-0.0862,0.4893,0.8783,1.009
3.148000,-0.0862,0.4861,0.8827,1.011
3.151000,-0.0877,0.4856,0.8839,1.012
3.158000,-0.0923,0.4856,0.8875,1.016
3.158000,-0.0950,0.4849,0.8907,1.019
3.158000,-0.0967,0.4861,0.8897,1.018
3.160000,-0.0969,0.4886,0.8939,1.023
3.163000,-0.0955,0.4886,0.8976,1.026
3.165000,-0.0957,0.4888,0.8998,1.028
3.179000,-0.0928,0.4859,0.8976,1.025
3.180000,-0.0906,0.4830,0.9000,1.025
3.180000,-0.0889,0.4825,0.9000,1.025
3.181000,-0.0852,0.4827,0.9010,1.026
3.181000,-0.0820,0.4812,0.9032,1.027
3.181000,-0.0803,0.4805,0.9034,1.026
3.187000,-0.0759,0.4783,0.9039,1.025
3.188000,-0.0720,0.4739,0.9044,1.024
3.188000,-0.0698,0.4742,0.9051,1.024
3.191000,-0.0669,0.4734,0.9093,1.027
3.194000,-0.0625,0.4683,0.9115,1.027
3.195000,-0.0598,0.4688,0.9137,1.029
3.197000,-0.0586,0.4690,0.9137,1.029
3.200000,-0.0576,0.4676,0.9146,1.029
3.203000,-0.0588,0.4693,0.9144,1.029
3.205000,-0.0603,0.4686,0.9161,1.031
3.209000,-0.0645,0.4671,0.9146,1.029
3.210000,-0.0696,0.4688,0.9144,1.030
3.212000,-0.0735,0.4708,0.9154,1.032
3.214000,-0.0757,0.4722,0.9156,1.033
3.217000,-0.0789,0.4764,0.9132,1.033
3.220000,-0.0798,0.4773,0.9151,1.035
3.222000,-0.0806,0.4783,0.9110,1.032
3.224000,-0.0842,0.4803,0.9090,1.032
3.227000,-0.0842,0.4837,0.9056,1.030
3.230000,-0.0879,0.4830,0.9041,1.029
3.233000,-0.0864,0.4832,0.9032,1.028
3.238000,-0.0864,0.4825,0.9015,1.026
3.238000,-0.0862,0.4827,0.9007,1.026
3.241000,-0.0862,0.4808,0.8990,1.023
3.244000,-0.0845,0.4786,0.9005,1.023
3.244000,-0.0864,0.4795,0.8995,1.023
3.248000,-0.0830,0.4773,0.8912,1.014
3.253000,-0.0676,0.4568,0.5706,0.734
3.254000,-0.1196,0.4639,0.0781,0.485
3.257000,-0.1970,0.5337,-0.0259,0.570
3.262000,-0.1531,0.5870,0.2613,0.660
3.262000,-0.0855,0.6202,0.4095,0.748
3.263000,-0.0542,0.6304,0.4165,0.758
3.265000,-0.0435,0.6148,0.4485,0.762
3.272000,-0.0491,0.5762,0.5406,0.792
3.272000,-0.0554,0.5232,0.6397,0.828
3.272000,-0.0571,0.4612,0.7313,0.866
3.274000,-0.0608,0.4058,0.8153,0.913
3.278000,-0.0652,0.3594,0.8976,0.969
3.279000,-0.0613,0.3260,0.9732,1.028
3.281000,-0.0606,0.3074,1.0423,1.088
3.284000,-0.0640,0.3013,1.0948,1.137
3.287000,-0.0711,0.3086,1.1439,1.187
3.289000,-0.0803,0.3264,1.1832,1.230
3.292000,-0.0952,0.3426,1.2177,1.269
3.294000,-0.1130,0.3667,1.2482,1.306
3.296000,-0.1463,0.3899,1.2709,1.337
3.299000,-0.1851,0.4090,1.2850,1.361
3.302000,-0.2261,0.4185,1.2819,1.367
3.304000,-0.2561,0.4239,1.2538,1.348
3.306000,-0.2505,0.4231,1.1981,1.295
3.309000,-0.2337,0.4219,1.1344,1.233
3.311000,-0.2149,0.4341,1.0780,1.182
3.313000,-0.1975,0.4517,1.0267,1.139
3.317000,-0.1853,0.4717,0.9776,1.101
3.319000,-0.1692,0.4896,0.9334,1.068
3.322000,-0.1570,0.5040,0.8910,1.036
3.323000,-0.1448,0.5154,0.8602,1.013
3.326000,-0.1384,0.5257,0.8272,0.990
3.328000,-0.1377,0.5294,0.7970,0.967
3.331000,-0.1438,0.5308,0.7757,0.951
3.334000,-0.1450,0.5281,0.7618,0.938
