time,wx (rad/s),wy (rad/s),wz (rad/s)
0.003,-0.07,0.07,0.04
0.004,-0.12,0.05,0.04
0.004,-0.16,0.04,0.04
0.004,-0.20,0.02,0.04
0.004,-0.24,0.01,0.05
0.004,-0.27,0.00,0.06
0.007,-0.29,-0.01,0.07
0.010,-0.30,-0.02,0.08
0.012,-0.30,-0.03,0.09
0.014,-0.30,-0.03,0.10
0.017,-0.29,-0.04,0.11
0.019,-0.28,-0.05,0.12
0.022,-0.26,-0.05,0.13
0.024,-0.24,-0.05,0.13
0.028,-0.22,-0.05,0.14
0.029,-0.19,-0.06,0.14
0.031,-0.16,-0.06,0.14
0.035,-0.13,-0.06,0.13
0.037,-0.10,-0.05,0.13
0.039,-0.07,-0.05,0.12
0.043,-0.04,-0.05,0.11
0.044,-0.01,-0.04,0.11
0.048,0.01,-0.03,0.10
0.049,0.03,-0.03,0.09
0.051,0.05,-0.02,0.08
0.054,0.07,-0.01,0.08
0.056,0.08,-0.00,0.08
0.060,0.09,0.00,0.07
0.061,0.10,0.01,0.07
0.063,0.11,0.02,0.07
0.066,0.11,0.03,0.07
0.069,0.11,0.03,0.07
0.071,0.11,0.04,0.07
0.075,0.10,0.04,0.08
0.077,0.10,0.04,0.08
0.079,0.09,0.05,0.09
0.081,0.08,0.05,0.09
0.083,0.08,0.05,0.09
0.086,0.06,0.04,0.10
0.088,0.05,0.04,0.10
0.091,0.03,0.03,0.10
0.094,0.01,0.02,0.09
0.096,-0.01,0.01,0.09
0.098,-0.03,0.01,0.09
0.101,-0.05,-0.01,0.08
0.103,-0.08,-0.02,0.07
0.106,-0.10,-0.03,0.07
0.108,-0.12,-0.04,0.06
0.111,-0.14,-0.06,0.06
0.113,-0.16,-0.06,0.06
0.115,-0.18,-0.07,0.05
0.119,-0.19,-0.08,0.05
0.120,-0.20,-0.09,0.05
0.123,-0.20,-0.09,0.05
0.126,-0.21,-0.09,0.05
0.128,-0.20,-0.09,0.05
0.130,-0.20,-0.09,0.06
0.133,-0.19,-0.09,0.06
0.135,-0.18,-0.08,0.07
0.138,-0.17,-0.08,0.08
0.140,-0.15,-0.08,0.09
0.144,-0.14,-0.07,0.09
0.146,-0.12,-0.06,0.10
0.148,-0.10,-0.06,0.10
0.150,-0.08,-0.05,0.11
0.153,-0.06,-0.04,0.11
0.155,-0.05,-0.03,0.11
0.158,-0.03,-0.03,0.10
0.160,-0.01,-0.02,0.10
0.162,-0.00,-0.01,0.09
0.165,0.01,0.00,0.09
0.167,0.02,0.01,0.08
0.170,0.03,0.02,0.08
0.172,0.04,0.02,0.07
0.175,0.04,0.03,0.07
0.178,0.04,0.03,0.06
0.180,0.05,0.04,0.06
0.184,0.04,0.04,0.06
0.185,0.04,0.04,0.05
0.189,0.03,0.05,0.05
0.190,0.03,0.04,0.05
0.192,0.02,0.04,0.05
0.195,0.01,0.04,0.05
0.197,-0.00,0.04,0.05
0.200,-0.01,0.03,0.05
0.202,-0.03,0.03,0.05
0.204,-0.04,0.02,0.04
0.207,-0.05,0.02,0.04
0.210,-0.05,0.01,0.04
0.212,-0.06,0.01,0.04
0.214,-0.07,0.01,0.04
0.217,-0.07,0.01,0.04
0.220,-0.07,0.00,0.04
0.222,-0.07,-0.00,0.04
0.225,-0.07,-0.00,0.04
0.228,-0.06,-0.00,0.04
0.229,-0.06,-0.00,0.04
0.232,-0.05,-0.01,0.04
0.234,-0.05,-0.01,0.05
0.236,-0.04,-0.01,0.05
0.239,-0.03,-0.01,0.05
0.242,-0.02,-0.01,0.05
0.244,-0.01,-0.01,0.06
0.246,-0.00,-0.01,0.06
0.249,0.01,-0.01,0.06
0.251,0.01,-0.01,0.07
0.254,0.02,-0.01,0.07
0.256,0.02,-0.00,0.07
0.260,0.02,-0.00,0.08
0.262,0.02,0.00,0.08
0.264,0.02,0.00,0.08
0.266,0.02,0.00,0.08
0.269,0.02,-0.00,0.08
0.271,0.02,-0.00,0.08
0.274,0.01,-0.00,0.08
0.278,0.00,-0.01,0.08
0.278,-0.00,-0.01,0.07
0.291,-0.01,-0.02,0.07
0.291,-0.02,-0.02,0.07
0.291,-0.03,-0.03,0.07
0.291,-0.04,-0.04,0.07
0.291,-0.05,-0.04,0.07
0.294,-0.06,-0.04,0.06
0.296,-0.07,-0.04,0.06
0.300,-0.08,-0.04,0.06
0.302,-0.08,-0.04,0.06
0.303,-0.10,-0.03,0.06
0.306,-0.11,-0.03,0.06
0.309,-0.11,-0.03,0.06
0.311,-0.12,-0.03,0.05
0.313,-0.13,-0.02,0.05
0.316,-0.13,-0.02,0.05
0.318,-0.14,-0.02,0.04
0.320,-0.14,-0.01,0.04
0.323,-0.14,-0.01,0.03
0.326,-0.14,-0.01,0.02
0.328,-0.15,-0.00,0.02
0.331,-0.14,-0.00,0.02
0.333,-0.14,0.00,0.02
0.335,-0.14,0.01,0.02
0.338,-0.14,0.01,0.02
0.340,-0.14,0.01,0.02
0.344,-0.14,0.01,0.02
0.345,-0.14,0.01,0.03
0.348,-0.14,0.01,0.03
0.350,-0.14,0.00,0.04
0.353,-0.14,0.00,0.04
0.355,-0.14,-0.01,0.05
0.358,-0.15,-0.01,0.05
0.361,-0.15,-0.02,0.06
0.363,-0.16,-0.03,0.07
0.365,-0.17,-0.03,0.07
0.367,-0.17,-0.04,0.08
0.370,-0.18,-0.05,0.08
0.372,-0.19,-0.06,0.08
0.375,-0.20,-0.06,0.08
0.378,-0.21,-0.07,0.08
0.380,-0.22,-0.07,0.08
0.382,-0.23,-0.08,0.07
0.385,-0.24,-0.09,0.07
0.388,-0.25,-0.09,0.07
0.390,-0.26,-0.09,0.06
0.392,-0.26,-0.10,0.06
0.395,-0.27,-0.10,0.06
0.397,-0.28,-0.10,0.05
0.400,-0.28,-0.10,0.05
0.403,-0.28,-0.10,0.05
0.404,-0.29,-0.09,0.05
0.407,-0.29,-0.08,0.05
0.410,-0.29,-0.08,0.05
0.412,-0.29,-0.07,0.05
0.414,-0.29,-0.06,0.05
0.417,-0.28,-0.05,0.05
0.420,-0.28,-0.04,0.05
0.422,-0.28,-0.03,0.05
0.424,-0.27,-0.02,0.05
0.428,-0.27,-0.01,0.05
0.429,-0.27,-0.01,0.05
0.432,-0.27,-0.00,0.05
0.434,-0.27,0.00,0.05
0.437,-0.27,0.00,0.05
0.439,-0.27,0.00,0.05
0.443,-0.28,0.00,0.05
0.445,-0.28,-0.00,0.05
0.447,-0.29,-0.01,0.04
0.449,-0.30,-0.02,0.04
0.452,-0.31,-0.03,0.04
0.454,-0.32,-0.04,0.04
0.457,-0.34,-0.06,0.04
0.460,-0.35,-0.06,0.03
0.468,-0.36,-0.07,0.03
0.468,-0.37,-0.07,0.03
0.468,-0.37,-0.06,0.02
0.469,-0.37,-0.04,0.01
0.471,-0.37,-0.02,0.01
0.474,-0.36,-0.00,0.00
0.478,-0.35,0.02,-0.00
0.479,-0.33,0.04,-0.01
0.481,-0.30,0.06,-0.02
0.484,-0.28,0.08,-0.02
0.486,-0.25,0.11,-0.03
0.488,-0.22,0.13,-0.03
0.492,-0.19,0.15,-0.04
0.497,-0.16,0.17,-0.04
0.498,-0.14,0.20,-0.04
0.498,-0.11,0.22,-0.04
0.501,-0.08,0.24,-0.04
0.504,-0.06,0.26,-0.05
0.505,-0.04,0.28,-0.05
0.511,-0.02,0.29,-0.05
0.514,-0.00,0.30,-0.05
0.515,0.01,0.31,-0.05
0.517,0.02,0.31,-0.05
0.518,0.04,0.32,-0.05
0.520,0.04,0.32,-0.05
0.523,0.05,0.32,-0.05
0.528,0.06,0.32,-0.05
0.532,0.06,0.32,-0.05
0.533,0.07,0.31,-0.05
0.533,0.07,0.31,-0.04
0.535,0.07,0.31,-0.04
0.538,0.07,0.31,-0.04
0.540,0.08,0.30,-0.04
0.547,0.08,0.30,-0.03
0.550,0.09,0.29,-0.03
0.550,0.09,0.28,-0.03
0.551,0.09,0.26,-0.02
0.552,0.10,0.25,-0.02
0.555,0.11,0.23,-0.02
0.558,0.11,0.21,-0.01
0.563,0.12,0.19,-0.01
0.563,0.13,0.17,-0.01
0.568,0.13,0.15,-0.00
0.569,0.14,0.13,-0.00
0.570,0.15,0.11,-0.00
0.573,0.16,0.09,-0.00
0.578,0.16,0.07,-0.00
0.581,0.17,0.06,-0.00
0.582,0.17,0.04,-0.01
0.584,0.16,0.03,-0.01
0.586,0.16,0.03,-0.02
0.589,0.15,0.04,-0.02
0.590,0.13,0.05,-0.03
0.594,0.12,0.07,-0.04
0.596,0.09,0.10,-0.05
0.597,0.07,0.13,-0.06
0.600,0.03,0.16,-0.08
0.602,0.00,0.20,-0.09
0.604,-0.03,0.24,-0.10
0.608,-0.07,0.28,-0.11
0.612,-0.11,0.32,-0.12
0.612,-0.14,0.36,-0.13
0.615,-0.17,0.40,-0.14
0.617,-0.19,0.43,-0.14
0.619,-0.21,0.46,-0.15
0.622,-0.21,0.49,-0.15
0.624,-0.21,0.51,-0.15
0.627,-0.21,0.52,-0.16
0.629,-0.19,0.52,-0.16
0.632,-0.16,0.51,-0.16
0.634,-0.13,0.49,-0.17
0.636,-0.09,0.46,-0.17
0.639,-0.04,0.43,-0.16
0.644,0.01,0.38,-0.16
0.646,0.05,0.33,-0.16
0.647,0.10,0.27,-0.15
0.650,0.14,0.20,-0.15
0.651,0.17,0.12,-0.14
0.654,0.20,0.03,-0.14
0.657,0.21,-0.06,-0.13
0.660,0.21,-0.16,-0.13
0.662,0.19,-0.26,-0.13
0.664,0.16,-0.35,-0.13
0.666,0.12,-0.44,-0.13
0.669,0.06,-0.53,-0.14
0.671,0.00,-0.61,-0.14
0.674,-0.07,-0.68,-0.15
0.678,-0.14,-0.75,-0.16
0.679,-0.21,-0.81,-0.17
0.681,-0.28,-0.87,-0.18
0.684,-0.35,-0.92,-0.19
0.686,-0.41,-0.96,-0.21
0.689,-0.46,-0.99,-0.23
0.691,-0.49,-1.00,-0.24
0.694,-0.52,-1.00,-0.26
0.696,-0.52,-0.98,-0.28
0.700,-0.51,-0.95,-0.30
0.701,-0.48,-0.91,-0.32
0.703,-0.42,-0.85,-0.35
0.706,-0.34,-0.79,-0.37
0.713,-0.24,-0.71,-0.40
0.714,-0.13,-0.62,-0.43
0.715,-0.01,-0.53,-0.45
0.716,0.13,-0.43,-0.47
0.718,0.27,-0.33,-0.48
0.721,0.41,-0.23,-0.49
0.723,0.56,-0.13,-0.50
0.727,0.69,-0.02,-0.50
0.730,0.82,0.07,-0.51
0.731,0.93,0.16,-0.50
0.733,1.03,0.23,-0.50
0.736,1.12,0.30,-0.49
0.739,1.18,0.35,-0.48
0.741,1.22,0.39,-0.47
0.745,1.24,0.42,-0.46
0.746,1.24,0.44,-0.45
0.750,1.22,0.44,-0.43
0.750,1.19,0.43,-0.42
0.753,1.13,0.42,-0.41
0.756,1.06,0.39,-0.40
0.758,0.98,0.35,-0.39
0.762,0.89,0.31,-0.38
0.762,0.79,0.26,-0.37
0.765,0.68,0.21,-0.36
0.768,0.58,0.17,-0.35
0.770,0.48,0.13,-0.33
0.772,0.38,0.10,-0.32
0.775,0.28,0.07,-0.31
0.779,0.20,0.06,-0.29
0.780,0.12,0.04,-0.27
0.783,0.06,0.03,-0.25
0.785,0.01,0.02,-0.23
0.788,-0.03,0.02,-0.21
0.789,-0.05,0.03,-0.19
0.794,-0.08,0.05,-0.17
0.798,-0.09,0.08,-0.15
0.799,-0.10,0.11,-0.13
0.800,-0.10,0.15,-0.12
0.802,-0.10,0.19,-0.10
0.804,-0.09,0.24,-0.08
0.807,-0.09,0.28,-0.07
0.814,-0.08,0.33,-0.06
0.814,-0.07,0.38,-0.04
0.814,-0.07,0.43,-0.02
0.817,-0.07,0.48,-0.00
0.820,-0.07,0.53,0.01
0.822,-0.07,0.58,0.02
0.825,-0.08,0.62,0.03
0.829,-0.09,0.66,0.03
0.831,-0.10,0.69,0.02
0.832,-0.10,0.72,0.01
0.834,-0.11,0.75,-0.02
0.837,-0.12,0.77,-0.04
0.842,-0.12,0.78,-0.08
0.843,-0.12,0.78,-0.11
0.849,-0.12,0.78,-0.16
0.850,-0.11,0.78,-0.20
0.850,-0.10,0.79,-0.24
0.855,-0.08,0.79,-0.28
0.855,-0.06,0.80,-0.31
0.857,-0.04,0.82,-0.34
0.860,-0.01,0.85,-0.35
0.867,0.02,0.88,-0.36
0.868,0.05,0.92,-0.36
0.868,0.08,0.98,-0.35
0.869,0.10,1.04,-0.33
0.872,0.12,1.10,-0.31
0.876,0.13,1.18,-0.29
0.880,0.12,1.26,-0.26
0.880,0.11,1.35,-0.23
0.881,0.09,1.44,-0.19
0.884,0.05,1.54,-0.16
0.887,0.01,1.62,-0.12
0.888,-0.04,1.70,-0.08
0.891,-0.10,1.77,-0.04
0.895,-0.16,1.84,-0.00
0.896,-0.23,1.90,0.03
0.899,-0.31,1.95,0.06
0.901,-0.39,2.00,0.09
0.906,-0.47,2.04,0.11
0.906,-0.56,2.07,0.13
0.908,-0.66,2.09,0.14
0.911,-0.76,2.07,0.14
0.913,-0.88,2.04,0.14
0.915,-1.01,1.99,0.13
0.918,-1.14,1.90,0.12
0.920,-1.29,1.78,0.11
0.923,-1.43,1.64,0.09
0.931,-1.59,1.46,0.08
0.932,-1.73,1.27,0.07
0.932,-1.87,1.05,0.06
0.936,-2.00,0.83,0.05
0.936,-2.11,0.59,0.05
0.938,-2.20,0.35,0.05
0.941,-2.26,0.10,0.05
0.945,-2.29,-0.15,0.06
0.948,-2.29,-0.39,0.07
0.948,-2.25,-0.61,0.07
0.950,-2.19,-0.81,0.08
0.953,-2.09,-0.98,0.09
0.955,-1.97,-1.13,0.11
0.958,-1.83,-1.26,0.13
0.963,-1.67,-1.35,0.15
0.964,-1.51,-1.41,0.19
0.965,-1.34,-1.44,0.23
0.968,-1.17,-1.43,0.28
0.970,-1.01,-1.40,0.33
0.973,-0.85,-1.33,0.40
0.975,-0.70,-1.24,0.46
0.978,-0.56,-1.11,0.53
0.980,-0.42,-0.96,0.60
0.982,-0.29,-0.79,0.67
0.985,-0.17,-0.58,0.72
0.988,-0.06,-0.36,0.76
0.990,0.03,-0.13,0.80
0.993,0.11,0.10,0.83
0.996,0.17,0.32,0.84
1.000,0.22,0.51,0.85
1.002,0.25,0.68,0.85
1.005,0.26,0.81,0.84
1.005,0.26,0.91,0.84
1.007,0.24,0.97,0.82
1.012,0.21,1.00,0.81
1.015,0.17,0.99,0.79
1.015,0.13,0.96,0.76
1.018,0.07,0.90,0.74
1.020,0.02,0.81,0.72
1.022,-0.04,0.71,0.69
1.025,-0.09,0.60,0.66
1.030,-0.14,0.47,0.63
1.033,-0.18,0.34,0.61
1.033,-0.22,0.21,0.58
1.034,-0.24,0.09,0.56
1.037,-0.25,-0.03,0.54
1.039,-0.26,-0.13,0.52
1.042,-0.25,-0.23,0.50
1.059,-0.24,-0.31,0.50
1.060,-0.22,-0.39,0.50
1.060,-0.18,-0.45,0.50
1.060,-0.14,-0.51,0.50
1.060,-0.09,-0.56,0.52
1.060,-0.04,-0.60,0.53
1.061,0.01,-0.64,0.55
1.063,0.07,-0.66,0.57
1.066,0.12,-0.68,0.59
1.066,0.17,-0.68,0.61
1.070,0.21,-0.66,0.65
1.073,0.24,-0.63,0.67
1.073,0.27,-0.59,0.70
1.077,0.29,-0.54,0.73
1.079,0.30,-0.49,0.76
1.081,0.31,-0.44,0.78
1.084,0.30,-0.39,0.80
1.086,0.29,-0.34,0.81
1.088,0.27,-0.30,0.82
1.091,0.24,-0.26,0.83
1.094,0.21,-0.22,0.83
1.097,0.17,-0.19,0.82
1.099,0.13,-0.17,0.82
1.101,0.09,-0.16,0.81
1.104,0.05,-0.15,0.79
1.106,0.00,-0.16,0.77
1.108,-0.04,-0.17,0.75
1.111,-0.07,-0.19,0.72
1.114,-0.10,-0.22,0.69
1.116,-0.13,-0.26,0.66
1.118,-0.15,-0.29,0.63
1.121,-0.16,-0.34,0.60
1.124,-0.16,-0.38,0.57
1.126,-0.16,-0.41,0.54
1.129,-0.14,-0.44,0.50
1.131,-0.12,-0.47,0.47
1.133,-0.08,-0.49,0.44
1.136,-0.03,-0.50,0.40
1.138,0.03,-0.51,0.37
1.140,0.09,-0.51,0.34
1.145,0.16,-0.51,0.30
1.146,0.24,-0.50,0.27
1.148,0.31,-0.48,0.24
1.150,0.39,-0.46,0.21
1.153,0.46,-0.44,0.18
1.155,0.53,-0.41,0.16
1.159,0.60,-0.38,0.13
1.161,0.66,-0.35,0.11
1.166,0.71,-0.32,0.09
1.166,0.76,-0.29,0.07
1.168,0.80,-0.26,0.05
1.170,0.83,-0.23,0.04
1.173,0.85,-0.21,0.02
1.175,0.87,-0.19,0.01
1.178,0.89,-0.17,0.01
1.182,0.90,-0.15,0.01
1.183,0.91,-0.13,0.01
1.185,0.92,-0.12,0.01
1.188,0.93,-0.10,0.00
1.190,0.94,-0.07,-0.00
1.192,0.95,-0.04,-0.01
1.195,0.96,-0.01,-0.02
1.198,0.96,0.03,-0.03
1.201,0.97,0.07,-0.04
1.203,0.97,0.10,-0.05
1.205,0.98,0.13,-0.06
1.207,0.98,0.16,-0.07
1.219,0.98,0.18,-0.08
1.221,0.98,0.20,-0.08
1.221,0.99,0.21,-0.08
1.222,0.98,0.21,-0.08
1.222,0.98,0.20,-0.07
1.232,0.97,0.18,-0.06
1.233,0.95,0.16,-0.05
1.233,0.94,0.12,-0.03
1.234,0.91,0.08,-0.01
1.238,0.89,0.03,0.00
1.239,0.86,-0.02,0.02
1.239,0.83,-0.07,0.04
1.243,0.79,-0.12,0.07
1.244,0.76,-0.16,0.09
1.250,0.74,-0.20,0.12
1.250,0.71,-0.24,0.15
1.251,0.68,-0.27,0.18
1.252,0.66,-0.30,0.21
1.254,0.64,-0.33,0.24
1.258,0.62,-0.35,0.27
1.260,0.61,-0.36,0.30
1.266,0.60,-0.37,0.32
1.267,0.59,-0.37,0.34
1.267,0.59,-0.38,0.36
1.270,0.58,-0.38,0.37
1.272,0.59,-0.38,0.38
1.274,0.59,-0.40,0.37
1.277,0.60,-0.42,0.37
1.280,0.62,-0.44,0.35
1.282,0.64,-0.48,0.33
1.284,0.66,-0.52,0.29
1.286,0.70,-0.57,0.25
1.289,0.74,-0.62,0.20
1.291,0.80,-0.68,0.14
1.296,0.86,-0.72,0.08
1.297,0.93,-0.75,0.00
1.299,1.01,-0.78,-0.08
1.302,1.08,-0.78,-0.16
1.304,1.16,-0.78,-0.25
1.306,1.24,-0.78,-0.33
1.308,1.31,-0.78,-0.41
1.312,1.38,-0.79,-0.48
1.314,1.43,-0.81,-0.54
1.317,1.47,-0.84,-0.58
1.318,1.49,-0.88,-0.61
1.321,1.49,-0.93,-0.63
1.323,1.48,-1.00,-0.63
1.326,1.44,-1.07,-0.63
1.329,1.38,-1.14,-0.61
1.331,1.31,-1.22,-0.60
1.334,1.22,-1.29,-0.57
1.336,1.12,-1.36,-0.55
1.338,1.00,-1.42,-0.52
1.341,0.88,-1.46,-0.49
1.344,0.74,-1.48,-0.45
1.347,0.60,-1.47,-0.42
1.351,0.46,-1.43,-0.38
1.351,0.31,-1.36,-0.34
1.356,0.17,-1.28,-0.29
1.357,0.02,-1.19,-0.25
1.359,-0.11,-1.10,-0.20
1.366,-0.23,-1.01,-0.15
1.368,-0.35,-0.93,-0.10
1.369,-0.45,-0.86,-0.04
1.371,-0.54,-0.80,0.01
1.371,-0.61,-0.74,0.07
1.373,-0.68,-0.69,0.13
1.382,-0.74,-0.64,0.19
1.383,-0.80,-0.58,0.24
1.383,-0.86,-0.53,0.28
1.384,-0.92,-0.46,0.32
1.385,-0.99,-0.39,0.35
1.388,-1.07,-0.30,0.37
1.390,-1.17,-0.22,0.39
1.393,-1.28,-0.13,0.40
1.398,-1.40,-0.05,0.41
1.399,-1.54,0.02,0.42
1.401,-1.67,0.06,0.43
1.402,-1.80,0.08,0.43
1.408,-1.93,0.07,0.44
1.408,-2.05,0.05,0.44
1.410,-2.15,0.00,0.46
1.415,-2.24,-0.05,0.48
1.416,-2.30,-0.12,0.50
1.418,-2.35,-0.18,0.53
1.420,-2.37,-0.25,0.56
1.422,-2.35,-0.31,0.58
1.425,-2.32,-0.36,0.60
1.433,-2.26,-0.40,0.62
1.433,-2.18,-0.44,0.63
1.434,-2.09,-0.46,0.64
1.435,-2.00,-0.47,0.64
1.438,-1.89,-0.47,0.62
1.450,-1.79,-0.45,0.60
1.451,-1.69,-0.41,0.58
1.452,-1.60,-0.36,0.54
1.452,-1.53,-0.28,0.50
1.452,-1.47,-0.19,0.46
1.453,-1.43,-0.08,0.41
1.454,-1.41,0.06,0.37
1.459,-1.40,0.20,0.33
1.460,-1.42,0.36,0.29
1.470,-1.45,0.51,0.27
1.472,-1.49,0.66,0.26
1.472,-1.56,0.79,0.25
1.476,-1.63,0.90,0.26
1.477,-1.71,1.00,0.27
1.477,-1.80,1.07,0.29
1.485,-1.90,1.13,0.32
1.486,-2.00,1.16,0.37
1.486,-2.09,1.18,0.42
1.486,-2.19,1.17,0.47
1.488,-2.28,1.14,0.52
1.489,-2.37,1.08,0.58
1.493,-2.43,0.99,0.63
1.495,-2.48,0.88,0.67
1.497,-2.51,0.73,0.70
1.499,-2.52,0.56,0.73
1.501,-2.49,0.38,0.74
1.504,-2.45,0.18,0.74
1.506,-2.36,-0.01,0.74
1.508,-2.25,-0.21,0.71
1.512,-2.10,-0.40,0.68
1.514,-1.91,-0.59,0.62
1.516,-1.70,-0.75,0.56
1.519,-1.46,-0.91,0.48
1.521,-1.21,-1.03,0.40
1.523,-0.94,-1.13,0.30
1.526,-0.66,-1.20,0.21
1.529,-0.38,-1.24,0.12
1.532,-0.09,-1.24,0.03
1.534,0.18,-1.22,-0.05
1.536,0.45,-1.16,-0.12
1.538,0.71,-1.08,-0.18
1.541,0.96,-0.96,-0.23
1.543,1.19,-0.82,-0.27
1.546,1.41,-0.66,-0.29
1.549,1.61,-0.47,-0.30
1.552,1.80,-0.27,-0.29
1.553,1.97,-0.06,-0.27
1.555,2.12,0.15,-0.25
1.559,2.26,0.37,-0.22
1.573,2.37,0.57,-0.18
1.573,2.45,0.76,-0.15
1.573,2.51,0.92,-0.12
1.574,2.55,1.06,-0.09
1.574,2.56,1.16,-0.06
1.574,2.54,1.22,-0.04
1.577,2.50,1.25,-0.03
1.586,2.44,1.23,-0.02
1.586,2.36,1.19,-0.02
1.587,2.25,1.12,-0.02
1.587,2.12,1.02,-0.03
1.590,1.97,0.90,-0.04
1.590,1.81,0.76,-0.06
1.594,1.64,0.60,-0.07
1.602,1.46,0.43,-0.08
1.603,1.27,0.25,-0.09
1.604,1.08,0.07,-0.10
1.604,0.89,-0.13,-0.11
1.605,0.71,-0.32,-0.12
1.608,0.53,-0.51,-0.12
1.610,0.37,-0.69,-0.12
1.613,0.22,-0.87,-0.12
1.615,0.08,-1.03,-0.13
1.619,-0.03,-1.17,-0.13
1.620,-0.12,-1.30,-0.14
1.622,-0.19,-1.40,-0.15
1.624,-0.23,-1.47,-0.16
1.628,-0.25,-1.52,-0.17
1.631,-0.24,-1.55,-0.18
1.633,-0.21,-1.55,-0.19
1.636,-0.15,-1.54,-0.21
1.639,-0.08,-1.51,-0.22
1.640,0.02,-1.46,-0.23
1.644,0.13,-1.39,-0.25
1.648,0.25,-1.29,-0.26
1.649,0.39,-1.19,-0.27
1.649,0.53,-1.07,-0.28
1.652,0.67,-0.93,-0.29
1.654,0.80,-0.79,-0.29
1.657,0.93,-0.64,-0.30
1.659,1.05,-0.49,-0.30
1.663,1.16,-0.35,-0.31
1.665,1.25,-0.20,-0.31
1.675,1.32,-0.06,-0.32
1.676,1.37,0.07,-0.34
1.678,1.40,0.19,-0.35
1.678,1.41,0.30,-0.37
1.680,1.40,0.41,-0.39
1.680,1.37,0.50,-0.41
1.687,1.32,0.58,-0.42
1.688,1.24,0.64,-0.43
1.689,1.16,0.70,-0.44
1.689,1.05,0.75,-0.45
1.692,0.93,0.79,-0.45
1.698,0.80,0.82,-0.45
1.703,0.65,0.83,-0.43
1.704,0.49,0.83,-0.42
1.704,0.32,0.82,-0.40
1.705,0.15,0.79,-0.38
1.706,-0.02,0.75,-0.35
1.710,-0.19,0.71,-0.32
1.711,-0.37,0.66,-0.28
1.716,-0.53,0.59,-0.23
1.717,-0.69,0.52,-0.18
1.721,-0.84,0.45,-0.12
1.721,-0.97,0.38,-0.05
1.724,-1.09,0.30,0.02
1.727,-1.19,0.22,0.09
1.729,-1.27,0.15,0.16
1.733,-1.34,0.08,0.23
1.733,-1.38,0.02,0.30
1.736,-1.41,-0.03,0.37
1.738,-1.41,-0.06,0.44
1.741,-1.40,-0.10,0.50
1.743,-1.37,-0.15,0.56
1.754,-1.32,-0.19,0.61
1.755,-1.26,-0.23,0.66
1.755,-1.19,-0.26,0.69
1.755,-1.11,-0.29,0.73
1.756,-1.01,-0.31,0.76
1.759,-0.91,-0.32,0.78
1.769,-0.80,-0.33,0.80
1.770,-0.69,-0.33,0.81
1.770,-0.57,-0.33,0.82
1.770,-0.46,-0.34,0.82
1.770,-0.34,-0.34,0.81
1.775,-0.22,-0.36,0.79
1.775,-0.10,-0.40,0.76
1.779,0.03,-0.45,0.70
1.781,0.16,-0.49,0.63
1.783,0.28,-0.50,0.56
1.785,0.39,-0.51,0.50
1.789,0.50,-0.50,0.44
1.791,0.60,-0.49,0.40
1.793,0.70,-0.48,0.35
1.797,0.79,-0.48,0.31
1.798,0.87,-0.48,0.27
1.801,0.95,-0.48,0.23
1.803,1.01,-0.48,0.19
1.805,1.07,-0.48,0.17
1.808,1.11,-0.47,0.14
1.810,1.14,-0.46,0.13
1.813,1.16,-0.44,0.12
1.816,1.18,-0.42,0.11
1.818,1.18,-0.41,0.11
1.820,1.18,-0.41,0.11
1.822,1.17,-0.42,0.10
1.825,1.15,-0.43,0.10
1.827,1.12,-0.45,0.10
1.830,1.08,-0.47,0.10
1.832,1.04,-0.49,0.10
1.835,1.00,-0.51,0.09
1.837,0.94,-0.53,0.09
1.840,0.88,-0.55,0.09
1.842,0.82,-0.56,0.09
1.846,0.75,-0.58,0.10
1.849,0.68,-0.59,0.10
1.855,0.60,-0.60,0.11
1.856,0.53,-0.61,0.11
1.856,0.45,-0.61,0.12
1.858,0.38,-0.60,0.13
1.860,0.30,-0.58,0.13
1.884,0.23,-0.56,0.14
1.885,0.16,-0.53,0.15
1.885,0.09,-0.50,0.16
1.886,0.03,-0.46,0.17
1.886,-0.03,-0.43,0.18
1.886,-0.08,-0.39,0.19
1.887,-0.13,-0.36,0.19
1.887,-0.17,-0.32,0.20
1.887,-0.20,-0.29,0.21
1.887,-0.23,-0.26,0.21
1.888,-0.24,-0.23,0.21
1.892,-0.25,-0.19,0.20
1.893,-0.25,-0.16,0.20
1.895,-0.24,-0.12,0.19
1.911,-0.22,-0.09,0.19
1.912,-0.20,-0.05,0.18
1.912,-0.18,-0.02,0.17
1.912,-0.15,0.02,0.17
1.912,-0.12,0.06,0.16
1.912,-0.09,0.10,0.15
1.921,-0.06,0.14,0.14
1.922,-0.03,0.18,0.13
1.922,-0.01,0.21,0.12
1.922,0.01,0.24,0.12
1.922,0.02,0.27,0.12
1.924,0.02,0.30,0.12
1.926,0.02,0.31,0.13
1.938,0.00,0.32,0.13
1.938,-0.02,0.32,0.15
1.939,-0.05,0.31,0.16
1.939,-0.08,0.30,0.18
1.939,-0.12,0.28,0.19
1.944,-0.16,0.25,0.21
1.944,-0.21,0.22,0.23
1.955,-0.25,0.19,0.26
1.956,-0.30,0.15,0.28
1.956,-0.35,0.11,0.30
1.956,-0.39,0.07,0.32
1.958,-0.42,0.04,0.34
1.958,-0.45,0.00,0.36
1.961,-0.48,-0.03,0.37
1.983,-0.49,-0.06,0.39
1.983,-0.50,-0.08,0.39
1.985,-0.51,-0.10,0.40
1.986,-0.50,-0.12,0.40
1.986,-0.48,-0.13,0.40
1.986,-0.46,-0.14,0.40
1.986,-0.43,-0.14,0.39
1.986,-0.40,-0.15,0.38
1.987,-0.35,-0.14,0.37
1.987,-0.31,-0.14,0.35
2.005,-0.25,-0.13,0.33
2.005,-0.20,-0.12,0.32
2.005,-0.14,-0.10,0.30
2.006,-0.08,-0.09,0.27
2.006,-0.01,-0.07,0.25
2.006,0.05,-0.05,0.23
2.006,0.12,-0.02,0.21
2.006,0.18,-0.00,0.18
2.008,0.23,0.03,0.17
2.010,0.28,0.05,0.15
2.016,0.32,0.08,0.13
2.017,0.36,0.11,0.12
2.017,0.39,0.13,0.11
2.019,0.41,0.15,0.10
2.022,0.42,0.16,0.09
2.025,0.43,0.17,0.09
2.027,0.42,0.17,0.09
2.034,0.41,0.17,0.09
2.034,0.39,0.16,0.09
2.038,0.36,0.14,0.09
2.039,0.33,0.12,0.10
2.040,0.29,0.10,0.10
2.043,0.24,0.08,0.11
2.055,0.19,0.05,0.12
2.055,0.14,0.02,0.12
2.055,0.09,-0.00,0.12
2.055,0.04,-0.03,0.12
2.058,-0.02,-0.06,0.13
2.058,-0.07,-0.08,0.12
2.060,-0.12,-0.10,0.12
2.072,-0.16,-0.12,0.11
2.073,-0.20,-0.13,0.11
2.073,-0.24,-0.15,0.10
2.073,-0.27,-0.15,0.09
2.074,-0.29,-0.15,0.08
2.074,-0.31,-0.15,0.07
2.077,-0.32,-0.14,0.06
2.101,-0.32,-0.12,0.05
2.101,-0.32,-0.11,0.04
2.102,-0.30,-0.09,0.03
2.102,-0.29,-0.07,0.02
2.102,-0.27,-0.05,0.01
2.102,-0.25,-0.03,0.01
2.102,-0.23,-0.02,0.01
2.103,-0.20,-0.01,0.01
2.103,-0.17,-0.00,0.02
2.103,-0.14,0.00,0.03
2.104,-0.11,0.01,0.04
2.107,-0.09,0.01,0.05
2.109,-0.06,0.01,0.06
2.111,-0.04,0.01,0.07
2.118,-0.02,0.01,0.09
2.119,-0.00,0.01,0.10
2.119,0.01,0.00,0.11
2.122,0.02,-0.01,0.12
2.124,0.02,-0.02,0.12
2.129,0.02,-0.03,0.13
2.135,0.02,-0.05,0.14
2.136,0.01,-0.06,0.14
2.137,-0.00,-0.08,0.14
2.137,-0.01,-0.09,0.14
2.140,-0.03,-0.11,0.15
2.142,-0.04,-0.13,0.15
2.145,-0.05,-0.14,0.15
2.148,-0.06,-0.16,0.15
2.150,-0.07,-0.17,0.15
2.152,-0.07,-0.17,0.15
2.157,-0.08,-0.18,0.15
2.158,-0.08,-0.17,0.15
2.168,-0.08,-0.16,0.14
2.169,-0.08,-0.16,0.14
2.169,-0.08,-0.14,0.14
2.169,-0.08,-0.13,0.13
2.169,-0.07,-0.11,0.12
2.171,-0.06,-0.09,0.11
2.173,-0.05,-0.08,0.10
2.175,-0.05,-0.06,0.09
2.178,-0.03,-0.04,0.08
2.181,-0.02,-0.02,0.07
2.184,-0.01,0.00,0.06
2.186,0.00,0.02,0.05
2.188,0.01,0.04,0.04
2.190,0.02,0.06,0.03
2.193,0.03,0.08,0.03
2.196,0.04,0.09,0.03
2.199,0.05,0.10,0.03
2.202,0.05,0.11,0.04
2.203,0.05,0.11,0.04
2.205,0.05,0.11,0.05
2.208,0.05,0.11,0.06
2.210,0.05,0.11,0.08
2.214,0.04,0.10,0.09
2.217,0.04,0.10,0.10
2.218,0.04,0.10,0.11
2.221,0.03,0.09,0.12
2.222,0.03,0.08,0.13
2.225,0.03,0.08,0.13
2.228,0.02,0.07,0.14
2.233,0.02,0.06,0.14
2.234,0.02,0.05,0.14
2.236,0.02,0.04,0.14
2.238,0.02,0.03,0.13
2.240,0.02,0.02,0.13
2.242,0.02,0.01,0.13
2.245,0.03,-0.01,0.12
2.249,0.03,-0.02,0.11
2.252,0.03,-0.03,0.11
2.254,0.03,-0.04,0.10
2.258,0.04,-0.04,0.09
2.259,0.04,-0.05,0.08
2.260,0.05,-0.05,0.07
2.271,0.05,-0.06,0.06
2.272,0.05,-0.07,0.06
2.272,0.05,-0.08,0.06
2.273,0.06,-0.10,0.05
2.273,0.06,-0.10,0.05
2.275,0.07,-0.11,0.04
2.277,0.07,-0.11,0.04
2.279,0.08,-0.10,0.04
2.282,0.09,-0.09,0.04
2.285,0.09,-0.08,0.03
2.287,0.10,-0.07,0.03
2.289,0.11,-0.06,0.03
2.292,0.12,-0.04,0.03
2.294,0.13,-0.03,0.03
2.299,0.15,-0.02,0.03
2.302,0.16,-0.01,0.03
2.303,0.17,-0.00,0.03
2.305,0.18,0.00,0.03
2.306,0.18,0.00,0.03
2.309,0.19,-0.00,0.03
2.311,0.20,-0.01,0.03
2.321,0.20,-0.01,0.03
2.323,0.20,-0.02,0.03
2.324,0.20,-0.02,0.02
2.324,0.20,-0.03,0.02
2.325,0.20,-0.04,0.02
2.326,0.20,-0.05,0.02
2.330,0.19,-0.06,0.02
2.336,0.18,-0.07,0.02
2.337,0.18,-0.08,0.02
2.340,0.17,-0.08,0.02
2.340,0.16,-0.08,0.02
2.341,0.15,-0.09,0.02
2.343,0.14,-0.09,0.03
2.347,0.13,-0.09,0.03
2.350,0.13,-0.10,0.03
2.355,0.11,-0.10,0.04
2.359,0.10,-0.10,0.04
2.360,0.09,-0.10,0.04
2.360,0.08,-0.11,0.05
2.363,0.07,-0.11,0.05
2.373,0.06,-0.10,0.05
2.374,0.05,-0.10,0.05
2.374,0.04,-0.10,0.05
2.374,0.04,-0.09,0.05
2.375,0.04,-0.08,0.05
2.376,0.03,-0.07,0.05
2.378,0.04,-0.06,0.05
2.383,0.04,-0.04,0.04
2.384,0.05,-0.03,0.04
2.386,0.05,-0.02,0.04
2.389,0.06,-0.02,0.04
2.392,0.07,-0.01,0.03
2.392,0.08,-0.00,0.03
2.396,0.09,0.01,0.03
2.398,0.10,0.01,0.02
2.401,0.11,0.01,0.02
2.404,0.11,0.02,0.02
2.409,0.12,0.02,0.01
2.409,0.12,0.02,0.01
2.410,0.13,0.02,0.00
2.414,0.13,0.02,-0.01
2.418,0.13,0.02,-0.02
2.419,0.13,0.02,-0.02
2.421,0.13,0.02,-0.03
2.423,0.13,0.01,-0.04
2.425,0.12,0.01,-0.04
2.428,0.12,-0.00,-0.05
2.430,0.11,-0.01,-0.05
2.434,0.10,-0.01,-0.06
2.435,0.09,-0.02,-0.06
2.438,0.09,-0.02,-0.06
2.440,0.08,-0.02,-0.07
2.442,0.07,-0.02,-0.07
2.449,0.06,-0.02,-0.07
2.450,0.06,-0.02,-0.06
2.454,0.05,-0.02,-0.06
2.456,0.05,-0.02,-0.06
2.457,0.04,-0.02,-0.06
2.457,0.04,-0.02,-0.06
2.460,0.04,-0.02,-0.06
2.462,0.04,-0.02,-0.06
2.468,0.04,-0.01,-0.06
2.470,0.04,-0.01,-0.05
2.470,0.05,-0.01,-0.05
2.474,0.05,-0.01,-0.05
2.475,0.06,-0.01,-0.05
2.477,0.06,-0.01,-0.05
2.482,0.07,-0.01,-0.05
2.484,0.07,-0.02,-0.05
2.486,0.08,-0.02,-0.05
2.487,0.08,-0.02,-0.05
2.489,0.08,-0.02,-0.05
2.492,0.08,-0.01,-0.05
2.494,0.09,-0.01,-0.06
2.498,0.10,-0.01,-0.06
2.500,0.10,-0.00,-0.06
2.503,0.10,0.00,-0.06
2.505,0.10,0.01,-0.06
2.507,0.10,0.01,-0.06
2.509,0.10,0.02,-0.06
2.512,0.10,0.02,-0.07
2.518,0.10,0.02,-0.07
2.519,0.10,0.02,-0.07
2.520,0.09,0.03,-0.07
2.523,0.09,0.03,-0.08
2.524,0.08,0.03,-0.08
2.526,0.08,0.03,-0.09
2.529,0.08,0.03,-0.09
2.534,0.07,0.03,-0.09
2.536,0.07,0.04,-0.09
2.538,0.07,0.04,-0.10
2.539,0.07,0.04,-0.10
2.541,0.07,0.05,-0.10
2.544,0.07,0.05,-0.10
2.552,0.07,0.06,-0.10
2.553,0.08,0.07,-0.10
2.553,0.08,0.08,-0.10
2.560,0.09,0.10,-0.10
2.560,0.09,0.11,-0.10
2.561,0.10,0.12,-0.09
2.587,0.10,0.13,-0.09
2.588,0.11,0.14,-0.09
2.589,0.11,0.14,-0.09
2.589,0.12,0.15,-0.08
2.589,0.12,0.14,-0.08
2.589,0.12,0.15,-0.08
2.590,0.12,0.14,-0.08
2.590,0.13,0.14,-0.08
2.590,0.13,0.13,-0.08
2.590,0.12,0.13,-0.08
2.591,0.12,0.12,-0.08
2.591,0.12,0.11,-0.08
2.591,0.11,0.10,-0.08
2.594,0.11,0.09,-0.08
2.596,0.11,0.08,-0.08
2.601,0.10,0.07,-0.08
2.608,0.09,0.06,-0.09
2.608,0.09,0.05,-0.08
2.608,0.08,0.04,-0.08
2.609,0.07,0.03,-0.08
2.612,0.07,0.03,-0.08
2.615,0.06,0.02,-0.08
2.616,0.06,0.01,-0.08
2.619,0.06,0.01,-0.08
2.621,0.05,0.01,-0.08
2.624,0.05,0.02,-0.09
2.626,0.05,0.02,-0.09
2.629,0.05,0.03,-0.09
2.631,0.05,0.04,-0.08
2.633,0.05,0.04,-0.08
2.635,0.05,0.05,-0.08
2.638,0.05,0.05,-0.08
2.640,0.06,0.06,-0.07
2.642,0.06,0.06,-0.07
2.645,0.06,0.07,-0.06
2.648,0.06,0.07,-0.06
2.650,0.06,0.08,-0.05
2.653,0.06,0.08,-0.04
2.655,0.06,0.08,-0.04
2.657,0.06,0.09,-0.03
2.660,0.06,0.08,-0.02
2.662,0.06,0.08,-0.02
2.668,0.06,0.08,-0.01
2.669,0.05,0.07,-0.00
2.677,0.04,0.07,-0.00
2.678,0.03,0.06,0.00
2.678,0.03,0.06,0.00
2.678,0.02,0.05,0.01
2.691,0.01,0.04,0.01
2.692,-0.00,0.04,0.01
2.692,-0.01,0.03,0.01
2.692,-0.02,0.02,0.01
2.692,-0.03,0.01,0.01
2.692,-0.04,0.00,0.01
2.696,-0.05,-0.01,0.00
2.704,-0.05,-0.01,0.00
2.705,-0.05,-0.02,0.00
2.707,-0.06,-0.02,-0.00
2.707,-0.06,-0.02,-0.01
2.707,-0.05,-0.02,-0.01
2.709,-0.05,-0.02,-0.01
2.712,-0.04,-0.02,-0.01
2.720,-0.03,-0.02,-0.02
2.721,-0.02,-0.01,-0.02
2.721,-0.00,-0.00,-0.02
2.721,0.01,0.00,-0.02
2.724,0.03,0.01,-0.02
2.726,0.04,0.02,-0.03
2.729,0.05,0.03,-0.03
2.732,0.07,0.04,-0.03
2.735,0.08,0.05,-0.03
2.737,0.09,0.06,-0.03
2.739,0.10,0.07,-0.03
2.741,0.11,0.09,-0.03
2.744,0.11,0.09,-0.03
2.746,0.12,0.11,-0.03
2.750,0.12,0.12,-0.02
2.752,0.12,0.12,-0.02
2.754,0.11,0.13,-0.02
2.756,0.11,0.13,-0.02
2.759,0.10,0.14,-0.02
2.761,0.10,0.14,-0.01
2.766,0.09,0.15,-0.01
2.768,0.08,0.15,-0.01
2.770,0.08,0.15,-0.01
2.772,0.07,0.15,-0.00
2.775,0.06,0.15,-0.00
2.776,0.05,0.15,-0.00
2.779,0.04,0.14,0.00
2.809,0.03,0.14,0.00
2.811,0.02,0.13,0.00
2.812,0.00,0.13,0.00
2.813,-0.01,0.12,0.00
2.813,-0.02,0.11,0.00
2.813,-0.03,0.10,0.00
2.813,-0.04,0.09,0.01
2.814,-0.05,0.09,0.01
2.814,-0.06,0.08,0.00
2.814,-0.07,0.07,0.01
2.819,-0.07,0.06,0.01
2.820,-0.08,0.05,0.01
2.821,-0.08,0.04,0.01
2.821,-0.08,0.04,0.00
2.821,-0.08,0.03,0.00
2.821,-0.08,0.02,0.00
2.824,-0.07,0.02,0.00
2.825,-0.07,0.02,0.01
2.826,-0.06,0.01,0.01
2.828,-0.05,0.02,0.01
2.831,-0.04,0.02,0.01
2.836,-0.03,0.02,0.02
2.838,-0.02,0.02,0.02
2.839,-0.01,0.03,0.02
2.840,0.00,0.04,0.02
2.842,0.02,0.04,0.03
2.845,0.03,0.05,0.03
2.852,0.04,0.06,0.03
2.853,0.05,0.06,0.03
2.854,0.06,0.06,0.04
2.855,0.07,0.07,0.04
2.858,0.07,0.07,0.04
2.867,0.08,0.07,0.04
2.868,0.08,0.08,0.04
2.868,0.09,0.07,0.04
2.868,0.09,0.07,0.04
2.870,0.09,0.07,0.04
2.874,0.09,0.07,0.04
2.875,0.08,0.07,0.04
2.877,0.08,0.07,0.04
2.880,0.07,0.06,0.04
2.885,0.06,0.06,0.04
2.886,0.05,0.06,0.04
2.887,0.04,0.06,0.04
2.890,0.03,0.06,0.05
2.892,0.01,0.06,0.05
2.894,-0.00,0.06,0.05
2.897,-0.02,0.05,0.05
2.900,-0.03,0.05,0.05
2.902,-0.04,0.05,0.06
2.905,-0.05,0.05,0.06
2.911,-0.06,0.04,0.06
2.912,-0.07,0.04,0.06
2.912,-0.08,0.04,0.06
2.915,-0.09,0.04,0.06
2.920,-0.09,0.04,0.06
2.920,-0.09,0.04,0.05
2.922,-0.09,0.04,0.05
2.924,-0.08,0.04,0.05
2.926,-0.08,0.05,0.04
2.929,-0.07,0.05,0.04
2.932,-0.06,0.05,0.04
2.935,-0.05,0.05,0.04
2.936,-0.04,0.05,0.04
2.939,-0.03,0.05,0.03
2.942,-0.02,0.05,0.03
2.943,-0.00,0.05,0.03
2.946,0.01,0.05,0.03
2.955,0.02,0.04,0.03
2.956,0.03,0.04,0.02
2.956,0.04,0.03,0.02
2.957,0.04,0.03,0.02
2.959,0.05,0.03,0.01
2.962,0.06,0.03,0.01
2.963,0.06,0.03,0.00
2.967,0.07,0.04,-0.00
2.969,0.07,0.04,-0.01
2.972,0.07,0.04,-0.01
2.974,0.06,0.04,-0.01
2.976,0.06,0.04,-0.02
2.978,0.06,0.04,-0.02
2.981,0.05,0.04,-0.02
2.984,0.04,0.03,-0.02
2.986,0.04,0.03,-0.02
2.988,0.03,0.02,-0.02
2.990,0.02,0.02,-0.02
2.993,0.02,0.01,-0.02
2.995,0.01,0.01,-0.02
2.999,0.01,0.01,-0.02
3.002,0.00,0.01,-0.02
3.003,0.00,0.00,-0.01
3.005,-0.00,0.00,-0.01
3.008,-0.00,0.01,-0.01
3.010,0.00,0.01,-0.02
3.013,0.00,0.01,-0.02
3.016,0.01,0.01,-0.02
3.018,0.01,0.01,-0.02
3.021,0.01,0.01,-0.02
3.023,0.02,0.02,-0.02
3.025,0.02,0.02,-0.02
3.029,0.03,0.03,-0.02
3.030,0.03,0.03,-0.02
3.035,0.03,0.04,-0.02
3.036,0.03,0.04,-0.02
3.039,0.03,0.04,-0.02
3.042,0.03,0.04,-0.02
3.043,0.03,0.04,-0.02
3.045,0.03,0.04,-0.02
3.047,0.03,0.03,-0.02
3.051,0.02,0.03,-0.02
3.054,0.02,0.02,-0.02
3.055,0.01,0.01,-0.02
3.057,0.01,0.01,-0.02
3.060,0.00,0.00,-0.02
3.062,-0.00,-0.01,-0.02
3.067,-0.01,-0.01,-0.02
3.075,-0.01,-0.02,-0.03
3.075,-0.01,-0.02,-0.03
3.075,-0.01,-0.02,-0.03
3.076,-0.01,-0.02,-0.04
3.078,-0.01,-0.02,-0.04
3.080,-0.01,-0.02,-0.04
3.086,-0.00,-0.01,-0.04
3.086,0.00,-0.01,-0.04
3.088,0.01,-0.00,-0.05
3.090,0.02,0.01,-0.05
3.092,0.03,0.01,-0.05
3.094,0.03,0.02,-0.05
3.097,0.03,0.02,-0.04
3.100,0.04,0.03,-0.04
3.103,0.04,0.03,-0.04
3.104,0.05,0.03,-0.04
3.107,0.05,0.03,-0.04
3.109,0.05,0.04,-0.04
3.112,0.05,0.03,-0.04
3.117,0.05,0.03,-0.04
3.118,0.04,0.03,-0.04
3.119,0.04,0.03,-0.04
3.122,0.04,0.03,-0.04
3.124,0.03,0.03,-0.04
3.127,0.03,0.03,-0.04
3.129,0.02,0.03,-0.04
3.134,0.02,0.02,-0.04
3.135,0.01,0.02,-0.04
3.136,0.01,0.02,-0.04
3.139,0.00,0.01,-0.04
3.142,-0.00,0.01,-0.04
3.144,-0.00,0.00,-0.04
3.146,-0.01,0.00,-0.04
3.149,-0.01,-0.01,-0.04
3.152,-0.01,-0.01,-0.05
3.154,-0.01,-0.01,-0.05
3.156,-0.00,-0.01,-0.05
3.159,0.00,-0.02,-0.05
3.161,0.01,-0.02,-0.06
3.163,0.01,-0.02,-0.06
3.167,0.02,-0.02,-0.06
3.175,0.03,-0.02,-0.07
3.175,0.03,-0.02,-0.07
3.175,0.04,-0.02,-0.07
3.176,0.05,-0.02,-0.07
3.179,0.05,-0.02,-0.07
3.182,0.06,-0.02,-0.07
3.196,0.07,-0.02,-0.07
3.198,0.07,-0.02,-0.07
3.198,0.08,-0.03,-0.07
3.198,0.08,-0.03,-0.07
3.199,0.09,-0.03,-0.06
3.199,0.09,-0.02,-0.06
3.209,0.09,-0.02,-0.07
3.210,0.10,-0.02,-0.06
3.210,0.10,-0.02,-0.06
3.210,0.10,-0.01,-0.06
3.211,0.10,-0.01,-0.06
3.211,0.10,-0.01,-0.06
3.213,0.10,-0.01,-0.06
3.216,0.10,-0.01,-0.06
3.218,0.10,-0.01,-0.06
3.220,0.10,-0.01,-0.06
3.223,0.10,-0.01,-0.06
3.227,0.09,-0.01,-0.07
3.228,0.09,-0.01,-0.07
3.230,0.09,-0.01,-0.07
3.233,0.09,-0.01,-0.08
3.236,0.08,-0.01,-0.08
3.238,0.08,-0.00,-0.08
3.240,0.08,0.00,-0.09
3.243,0.08,0.00,-0.09
3.245,0.07,0.01,-0.09
3.248,0.07,0.01,-0.09
3.250,0.07,0.01,-0.09
3.254,0.07,0.01,-0.09
3.255,0.06,0.01,-0.09
3.258,0.06,0.01,-0.09
3.260,0.06,0.01,-0.09
3.262,0.06,0.00,-0.09
3.270,0.06,0.00,-0.08
3.271,0.06,0.00,-0.08
3.271,0.06,0.00,-0.08
3.272,0.06,0.00,-0.08
3.275,0.06,0.01,-0.08
3.278,0.06,0.00,-0.08
3.280,0.06,0.00,-0.09
3.286,0.06,0.00,-0.09
3.286,0.06,0.00,-0.09
3.287,0.06,-0.00,-0.09
3.290,0.07,-0.00,-0.10
3.292,0.07,-0.01,-0.10
3.294,0.07,-0.01,-0.10
3.298,0.07,-0.02,-0.10
3.301,0.08,-0.02,-0.11
3.302,0.08,-0.02,-0.11
3.305,0.09,-0.02,-0.12
3.307,0.09,-0.02,-0.12
3.309,0.09,-0.02,-0.13
3.312,0.10,-0.02,-0.13
3.315,0.11,-0.02,-0.13
3.318,0.11,-0.01,-0.13
3.319,0.12,-0.00,-0.13
3.322,0.13,0.01,-0.13
3.324,0.13,0.02,-0.13
3.327,0.14,0.03,-0.13
3.329,0.14,0.04,-0.13
3.332,0.15,0.05,-0.13
3.339,0.15,0.07,-0.13
3.340,0.16,0.08,-0.13
3.340,0.16,0.10,-0.13
3.342,0.17,0.11,-0.13
3.344,0.18,0.13,-0.14
3.346,0.19,0.15,-0.14
3.349,0.20,0.16,-0.14
3.352,0.21,0.17,-0.14
3.354,0.21,0.18,-0.14
3.356,0.22,0.19,-0.14
3.359,0.22,0.19,-0.14
3.361,0.22,0.19,-0.14
3.363,0.23,0.19,-0.14
3.368,0.23,0.19,-0.14
3.375,0.23,0.20,-0.14
3.376,0.22,0.19,-0.14
3.376,0.22,0.19,-0.14
3.380,0.22,0.19,-0.14
3.380,0.21,0.19,-0.14
3.381,0.21,0.18,-0.14
3.386,0.20,0.18,-0.14
3.386,0.20,0.18,-0.14
3.388,0.19,0.18,-0.14
3.392,0.19,0.18,-0.14
3.393,0.18,0.18,-0.14
3.396,0.18,0.18,-0.14
3.401,0.18,0.18,-0.15
3.401,0.18,0.19,-0.15
3.404,0.18,0.19,-0.15
3.406,0.18,0.19,-0.16
3.408,0.18,0.20,-0.16
3.410,0.19,0.20,-0.16
3.413,0.19,0.21,-0.17
3.418,0.19,0.22,-0.17
3.426,0.20,0.22,-0.17
3.433,0.20,0.22,-0.18
3.433,0.21,0.23,-0.18
3.434,0.21,0.23,-0.19
3.434,0.22,0.23,-0.19
3.434,0.22,0.23,-0.19
3.439,0.22,0.23,-0.19
3.440,0.23,0.23,-0.19
3.440,0.23,0.22,-0.19
3.440,0.23,0.22,-0.19
3.447,0.23,0.21,-0.19
3.448,0.23,0.20,-0.19
3.455,0.23,0.20,-0.19
3.456,0.23,0.20,-0.18
3.457,0.23,0.19,-0.18
3.457,0.23,0.18,-0.17
3.458,0.22,0.18,-0.17
3.460,0.22,0.18,-0.17
3.462,0.21,0.17,-0.16
3.465,0.20,0.17,-0.16
3.471,0.19,0.17,-0.16
3.472,0.19,0.16,-0.16
3.473,0.18,0.15,-0.15
3.475,0.17,0.15,-0.15
3.477,0.16,0.14,-0.15
3.480,0.15,0.13,-0.14
3.484,0.13,0.12,-0.14
3.485,0.12,0.11,-0.14
3.489,0.11,0.10,-0.13
3.490,0.10,0.09,-0.13
3.493,0.08,0.08,-0.13
3.496,0.07,0.06,-0.13
3.498,0.05,0.05,-0.12
3.502,0.03,0.03,-0.12
3.503,0.01,0.02,-0.12
3.506,-0.01,0.01,-0.12
3.509,-0.03,-0.01,-0.11
3.509,-0.04,-0.02,-0.11
3.512,-0.06,-0.02,-0.11
3.517,-0.08,-0.03,-0.10
3.518,-0.09,-0.04,-0.10
3.520,-0.11,-0.04,-0.10
3.522,-0.11,-0.04,-0.10
3.524,-0.12,-0.04,-0.10
3.527,-0.12,-0.05,-0.09
3.529,-0.12,-0.04,-0.09
3.532,-0.11,-0.04,-0.09
3.535,-0.11,-0.04,-0.09
3.537,-0.10,-0.03,-0.09
3.539,-0.08,-0.03,-0.09
3.542,-0.07,-0.02,-0.09
3.544,-0.06,-0.02,-0.09
3.547,-0.04,-0.02,-0.09
3.550,-0.03,-0.01,-0.09
3.554,-0.01,-0.01,-0.09
3.554,0.00,-0.01,-0.09
3.556,0.01,-0.01,-0.09
3.559,0.03,-0.01,-0.09
3.561,0.03,-0.00,-0.09
3.563,0.04,-0.00,-0.08
3.567,0.05,-0.00,-0.08
3.569,0.05,-0.00,-0.08
3.571,0.05,-0.00,-0.08
3.574,0.05,-0.01,-0.07
3.576,0.05,-0.01,-0.07
3.579,0.05,-0.01,-0.06
3.581,0.04,-0.02,-0.05
3.587,0.04,-0.02,-0.05
3.588,0.03,-0.03,-0.04
3.594,0.02,-0.03,-0.03
3.594,0.01,-0.04,-0.02
3.594,0.00,-0.04,-0.02
3.605,-0.01,-0.04,-0.01
3.605,-0.02,-0.05,-0.00
3.605,-0.03,-0.05,0.01
3.606,-0.04,-0.05,0.01
3.606,-0.05,-0.05,0.02
3.608,-0.06,-0.05,0.02
3.612,-0.06,-0.05,0.02
3.613,-0.07,-0.06,0.02
3.616,-0.07,-0.06,0.02
3.621,-0.07,-0.06,0.02
3.622,-0.07,-0.05,0.02
3.623,-0.06,-0.05,0.01
3.625,-0.06,-0.05,0.01
3.628,-0.05,-0.04,0.01
3.630,-0.04,-0.04,-0.00
3.635,-0.04,-0.03,-0.01
3.637,-0.03,-0.03,-0.01
3.638,-0.01,-0.02,-0.02
3.640,-0.00,-0.02,-0.02
3.643,0.01,-0.01,-0.03
3.645,0.02,-0.00,-0.04
3.648,0.03,0.00,-0.04
3.654,0.04,0.01,-0.04
3.655,0.05,0.01,-0.05
3.656,0.05,0.01,-0.05
3.658,0.06,0.01,-0.05
3.660,0.06,0.01,-0.05
3.662,0.06,0.01,-0.04
3.665,0.06,0.01,-0.04
3.669,0.06,0.01,-0.04
3.671,0.05,0.01,-0.04
3.673,0.05,0.01,-0.03
3.677,0.04,0.01,-0.03
3.678,0.04,0.01,-0.03
3.682,0.03,0.01,-0.02
3.682,0.03,0.01,-0.02
3.685,0.02,0.01,-0.02
3.688,0.01,0.01,-0.02
3.690,0.01,0.01,-0.02
3.692,-0.00,0.01,-0.02
3.695,-0.01,0.00,-0.02
3.697,-0.01,0.00,-0.02
3.702,-0.01,0.00,-0.01
3.703,-0.02,0.00,-0.02
3.704,-0.02,0.00,-0.02
3.707,-0.02,0.00,-0.01
3.710,-0.02,0.01,-0.02
3.712,-0.01,0.01,-0.01
3.714,-0.01,0.02,-0.02
3.718,-0.01,0.02,-0.02
3.720,-0.01,0.03,-0.02
3.726,0.00,0.03,-0.02
3.726,0.00,0.03,-0.02
3.727,0.01,0.04,-0.02
3.729,0.01,0.04,-0.02
3.732,0.01,0.04,-0.01
3.735,0.01,0.04,-0.01
3.737,0.01,0.04,-0.02
3.739,0.01,0.04,-0.02
3.742,0.01,0.04,-0.02
3.745,0.01,0.04,-0.02
3.747,0.01,0.04,-0.02
3.749,0.01,0.04,-0.02
3.754,0.01,0.03,-0.02
3.755,0.01,0.03,-0.02
3.756,0.01,0.02,-0.03
3.759,0.00,0.02,-0.03
3.763,0.00,0.01,-0.03
3.764,-0.00,0.01,-0.03
3.768,-0.00,0.01,-0.03
3.776,-0.00,0.00,-0.03
3.776,-0.00,0.00,-0.03
3.777,-0.00,0.00,-0.02
3.777,-0.00,0.00,-0.02
3.779,0.00,0.00,-0.02
3.781,0.00,0.01,-0.02
3.796,0.01,0.01,-0.01
3.796,0.01,0.01,-0.01
3.797,0.02,0.02,-0.01
3.797,0.02,0.02,-0.01
3.797,0.02,0.02,-0.00
3.797,0.03,0.02,0.00
3.798,0.03,0.03,0.00
3.803,0.03,0.03,0.00
3.804,0.04,0.03,0.01
3.806,0.04,0.03,0.01
3.808,0.04,0.03,0.01
3.812,0.04,0.02,0.01
3.814,0.04,0.02,0.01
3.819,0.03,0.02,0.01
3.819,0.03,0.02,0.00
3.821,0.02,0.01,0.00
3.824,0.01,0.01,0.00
3.826,0.00,0.01,0.00
3.829,-0.01,0.01,0.00
3.831,-0.02,0.00,0.00
3.833,-0.03,0.00,0.00
3.836,-0.04,0.00,0.00
3.838,-0.04,-0.00,0.00
3.841,-0.05,0.00,0.00
3.843,-0.06,-0.00,0.00
3.845,-0.06,0.00,0.00
3.848,-0.06,-0.00,0.00
3.852,-0.06,0.00,0.00
3.853,-0.06,0.00,0.00
3.856,-0.06,0.01,0.00
3.858,-0.05,0.01,0.00
3.861,-0.05,0.01,0.00
3.862,-0.04,0.02,0.00
3.865,-0.03,0.02,0.01
3.881,-0.02,0.03,0.01
3.883,-0.01,0.04,0.01
3.884,-0.00,0.05,0.01
3.885,0.01,0.05,0.00
3.887,0.02,0.06,0.00
3.888,0.02,0.06,0.00
3.888,0.03,0.07,-0.00
3.888,0.04,0.07,-0.01
3.889,0.05,0.06,-0.01
3.891,0.05,0.06,-0.01
3.893,0.06,0.06,-0.02
3.895,0.06,0.06,-0.02
3.897,0.06,0.06,-0.02
3.901,0.05,0.06,-0.02
3.905,0.05,0.05,-0.02
3.905,0.05,0.05,-0.03
3.914,0.04,0.04,-0.03
3.914,0.04,0.04,-0.03
3.914,0.03,0.04,-0.03
3.916,0.03,0.04,-0.03
3.922,0.02,0.03,-0.04
3.922,0.01,0.03,-0.04
3.925,0.01,0.03,-0.04
3.926,0.00,0.02,-0.04
3.928,0.00,0.02,-0.04
3.930,-0.00,0.02,-0.04
3.932,-0.01,0.02,-0.05
3.935,-0.01,0.02,-0.05
3.939,-0.01,0.02,-0.05
3.939,-0.00,0.02,-0.05
3.944,-0.00,0.02,-0.05
3.945,0.00,0.03,-0.06
3.947,0.00,0.03,-0.06
3.950,0.01,0.03,-0.06
3.952,0.01,0.04,-0.06
3.954,0.02,0.04,-0.06
3.958,0.03,0.04,-0.06
3.962,0.03,0.04,-0.06
3.962,0.04,0.04,-0.06
3.964,0.05,0.04,-0.06
3.966,0.05,0.03,-0.06
3.971,0.06,0.03,-0.06
3.971,0.06,0.03,-0.06
3.974,0.07,0.03,-0.06
3.976,0.07,0.02,-0.07
3.979,0.08,0.02,-0.07
3.981,0.08,0.02,-0.07
3.991,0.08,0.02,-0.07
3.992,0.08,0.02,-0.08
3.992,0.08,0.02,-0.08
3.992,0.08,0.03,-0.08
3.993,0.08,0.04,-0.08
3.996,0.08,0.06,-0.08
4.001,0.08,0.10,-0.08
4.001,0.09,0.13,-0.08
4.004,0.10,0.16,-0.08
4.006,0.10,0.18,-0.08
4.009,0.11,0.19,-0.07
4.011,0.10,0.18,-0.07
4.013,0.10,0.17,-0.07
4.016,0.10,0.16,-0.06
4.021,0.09,0.14,-0.06
4.021,0.08,0.11,-0.06
4.023,0.07,0.09,-0.05
4.026,0.05,0.07,-0.05
4.028,0.04,0.06,-0.05
4.031,0.03,0.04,-0.05
4.038,0.01,0.03,-0.05
4.038,-0.00,0.02,-0.05
4.048,-0.01,0.00,-0.05
4.052,-0.03,-0.01,-0.06
4.054,-0.04,-0.03,-0.06
4.054,-0.05,-0.04,-0.06
4.054,-0.05,-0.05,-0.06
4.055,-0.05,-0.06,-0.07
4.055,-0.06,-0.07,-0.07
4.066,-0.05,-0.07,-0.07
4.066,-0.05,-0.07,-0.07
4.066,-0.04,-0.06,-0.08
4.066,-0.03,-0.06,-0.08
4.068,-0.02,-0.05,-0.08
4.069,-0.01,-0.04,-0.08
4.072,0.01,-0.03,-0.08
4.073,0.02,-0.02,-0.08
4.075,0.04,-0.00,-0.08
4.078,0.05,0.01,-0.08
4.080,0.06,0.02,-0.08
4.083,0.08,0.03,-0.08
4.086,0.08,0.04,-0.08
4.091,0.09,0.04,-0.07
4.092,0.10,0.05,-0.07
4.092,0.10,0.06,-0.07
4.095,0.09,0.06,-0.07
4.097,0.09,0.06,-0.06
4.100,0.08,0.06,-0.06
4.108,0.07,0.06,-0.06
4.109,0.07,0.05,-0.05
4.109,0.05,0.05,-0.05
4.110,0.03,0.05,-0.04
4.112,0.02,0.04,-0.04
4.115,0.00,0.04,-0.04
4.119,-0.01,0.03,-0.04
4.121,-0.02,0.03,-0.03
4.122,-0.03,0.03,-0.03
4.124,-0.04,0.03,-0.03
4.128,-0.05,0.02,-0.03
4.129,-0.05,0.02,-0.03
4.132,-0.05,0.01,-0.03
4.134,-0.05,0.00,-0.03
4.138,-0.05,-0.00,-0.03
4.139,-0.05,-0.01,-0.03
4.142,-0.04,-0.01,-0.03
4.144,-0.04,-0.01,-0.03
4.147,-0.03,-0.02,-0.03
4.149,-0.03,-0.01,-0.03
4.153,-0.02,-0.01,-0.03
4.154,-0.01,-0.01,-0.03
4.157,-0.01,-0.01,-0.03
4.159,-0.00,-0.01,-0.03
4.161,0.01,-0.01,-0.02
4.164,0.01,-0.01,-0.02
4.166,0.02,-0.00,-0.02
4.169,0.03,0.00,-0.02
4.174,0.03,0.01,-0.02
4.174,0.04,0.01,-0.02
4.177,0.04,0.02,-0.02
4.179,0.05,0.02,-0.02
4.181,0.05,0.03,-0.02
4.195,0.06,0.03,-0.02
4.195,0.06,0.04,-0.02
4.195,0.06,0.04,-0.03
4.196,0.06,0.05,-0.02
4.196,0.06,0.06,-0.03
4.196,0.06,0.07,-0.03
4.199,0.06,0.09,-0.03
4.204,0.07,0.10,-0.04
4.206,0.08,0.12,-0.04
4.209,0.08,0.13,-0.05
4.213,0.09,0.14,-0.05
4.213,0.09,0.15,-0.05
4.213,0.09,0.16,-0.06
4.216,0.10,0.16,-0.06
4.222,0.10,0.16,-0.07
4.222,0.10,0.16,-0.07
4.224,0.09,0.17,-0.07
4.226,0.09,0.18,-0.07
4.228,0.09,0.20,-0.08
4.231,0.09,0.21,-0.08
4.234,0.09,0.21,-0.09
4.239,0.09,0.22,-0.09
4.239,0.09,0.21,-0.10
4.244,0.08,0.21,-0.10
4.245,0.08,0.20,-0.10
4.246,0.08,0.18,-0.10
4.248,0.07,0.17,-0.10
4.254,0.07,0.16,-0.10
4.256,0.07,0.15,-0.09
4.257,0.07,0.16,-0.10
4.260,0.08,0.17,-0.10
4.261,0.08,0.17,-0.10
4.264,0.09,0.17,-0.10
4.265,0.10,0.17,-0.10
4.271,0.11,0.17,-0.10
4.272,0.12,0.16,-0.10
4.276,0.13,0.16,-0.10
4.282,0.15,0.16,-0.11
4.283,0.16,0.16,-0.11
4.283,0.18,0.17,-0.11
4.285,0.19,0.17,-0.12
4.289,0.21,0.18,-0.12
4.289,0.22,0.18,-0.13
4.296,0.24,0.18,-0.13
4.297,0.25,0.19,-0.14
4.298,0.26,0.18,-0.14
4.298,0.27,0.19,-0.14
4.300,0.28,0.19,-0.15
4.302,0.24,0.26,-0.15
4.307,0.15,0.36,-0.14
4.308,0.03,0.44,-0.13
4.310,-0.10,0.44,-0.10
4.314,-0.22,0.37,-0.06
4.315,-0.30,0.30,-0.04
4.323,-0.37,0.25,-0.04
4.323,-0.42,0.21,-0.04
4.323,-0.45,0.19,-0.05
4.325,-0.45,0.18,-0.07
4.327,-0.42,0.16,-0.08
4.330,-0.36,0.13,-0.10
4.332,-0.29,0.10,-0.12
4.335,-0.20,0.07,-0.13
4.338,-0.12,0.03,-0.14
4.340,-0.03,0.01,-0.14
4.342,0.05,-0.01,-0.13
4.344,0.13,-0.02,-0.11
4.346,0.19,-0.03,-0.09
4.349,0.25,-0.05,-0.06
4.352,0.31,-0.06,-0.03
4.354,0.35,-0.07,0.01
4.357,0.38,-0.06,0.04
4.359,0.40,-0.05,0.07
4.361,0.40,-0.03,0.09
4.364,0.39,-0.01,0.09
4.366,0.37,0.01,0.10
4.369,0.34,0.03,0.10
4.372,0.30,0.04,0.09
4.374,0.25,0.05,0.08
4.376,0.21,0.06,0.07
4.379,0.15,0.06,0.06
4.382,0.10,0.06,0.05
4.384,0.05,0.04,0.04
