time,ax (m/s^2),ay (m/s^2),az (m/s^2),aT (m/s^2)
0.004000,0.1668,0.2041,-0.2523,0.365
0.004000,0.2180,0.2298,-0.0011,0.317
0.005000,0.2193,0.2200,0.2210,0.381
0.006000,0.1993,0.1765,0.4860,0.554
0.011000,0.1215,0.0605,0.6553,0.669
0.017000,0.0383,0.0247,0.6026,0.604
0.021000,0.0027,-0.0312,0.4643,0.465
0.028000,0.0457,-0.0230,0.2475,0.253
0.031000,0.1195,0.0308,-0.0001,0.123
0.037000,0.1717,0.1045,-0.2239,0.301
0.042000,0.1504,0.1818,-0.4288,0.489
0.047000,-0.0253,0.2224,-0.4810,0.531
0.052000,-0.2002,0.1068,-0.4430,0.498
0.056000,-0.2003,0.1194,-0.4128,0.474
0.061000,-1.1850,0.2121,-0.9160,1.513
0.066000,-2.4186,0.5458,-1.5676,2.933
0.070000,-1.4273,0.9301,-1.1374,2.048
0.077000,-0.6197,1.0912,-0.7879,1.482
0.081000,-0.1206,0.8614,-0.5137,1.010
0.086000,0.1250,0.4415,-0.3093,0.553
0.092000,0.1923,0.0846,-0.1864,0.281
0.096000,0.1454,-0.0925,-0.0995,0.199
0.100000,0.1058,-0.1696,-0.0004,0.200
0.106000,0.1451,-0.2045,0.0751,0.262
0.110000,0.1658,-0.1759,0.1653,0.293
0.117000,0.1398,-0.1246,0.2370,0.302
0.120000,0.0553,-0.0462,0.2783,0.288
0.128000,-0.0259,0.0017,0.2941,0.295
0.130000,-0.0870,-0.0313,0.3347,0.347
0.135000,-0.1331,-0.0922,0.3282,0.366
0.140000,-0.1575,-0.0925,0.2866,0.340
0.145000,-0.1724,-0.0367,0.2862,0.336
0.150000,-0.1590,0.0155,0.2384,0.287
0.155000,-0.1604,0.0595,0.1766,0.246
0.160000,-0.1814,0.1269,0.0863,0.238
0.167000,-0.2482,0.1892,-0.0348,0.314
0.169000,-0.3059,0.2111,-0.0724,0.379
0.175000,-0.3906,0.2405,-0.1197,0.474
0.179000,-0.4258,0.2418,-0.1291,0.506
0.184000,-0.4282,0.2413,-0.0982,0.501
0.189000,-0.3601,0.2417,-0.0511,0.437
0.194000,-0.2479,0.2186,-0.0020,0.331
0.199000,-0.1249,0.1792,0.0324,0.221
0.204000,-0.0025,0.1305,0.0379,0.136
0.210000,0.0980,0.0436,0.0673,0.127
0.214000,0.2178,-0.0480,0.0728,0.235
0.219000,0.2998,-0.1398,0.1048,0.347
0.227000,0.4062,-0.1577,0.1274,0.454
0.229000,0.4725,-0.1760,0.1885,0.538
0.234000,0.4892,-0.1709,0.2188,0.563
0.239000,0.4633,-0.1354,0.2398,0.539
0.245000,0.4043,-0.1220,0.2562,0.494
0.250000,0.3120,-0.0784,0.2563,0.411
0.255000,0.2031,-0.0118,0.2232,0.302
0.260000,0.1277,0.0707,0.1547,0.213
0.263000,0.0877,0.1430,0.0863,0.189
0.268000,0.0568,0.1982,-0.0081,0.206
0.274000,0.0397,0.1767,-0.0762,0.196
0.278000,0.0316,0.1865,-0.1323,0.231
0.283000,0.0250,0.1942,-0.1934,0.275
0.288000,0.0561,0.1927,-0.2451,0.317
0.293000,0.1225,0.1799,-0.2851,0.359
0.298000,0.2193,0.1556,-0.3397,0.433
0.306000,0.3137,0.1463,-0.4159,0.541
0.311000,0.3631,0.1400,-0.4826,0.620
0.313000,0.3798,0.1320,-0.5208,0.658
0.318000,0.3568,0.1245,-0.5542,0.671
0.323000,0.3207,0.1129,-0.5590,0.654
0.327000,0.2714,0.1041,-0.5543,0.626
0.333000,0.2733,0.1005,-0.5449,0.618
0.337000,0.2475,0.1042,-0.4996,0.567
0.343000,0.2200,0.1129,-0.4448,0.509
0.347000,0.2075,0.1096,-0.3900,0.455
0.352000,0.1500,0.1111,-0.3304,0.379
0.365000,0.1430,0.1003,-0.2731,0.324
0.366000,0.1333,0.0845,-0.2135,0.265
0.367000,0.1135,0.0755,-0.1777,0.224
0.372000,0.1266,0.0685,-0.1634,0.218
0.378000,0.1651,0.0275,-0.1513,0.226
0.383000,0.1695,0.0432,-0.1821,0.252
0.387000,0.1425,0.0724,-0.1814,0.242
0.393000,0.1176,0.1103,-0.1972,0.255
0.397000,0.1115,0.1164,-0.2510,0.298
0.402000,0.1166,0.1410,-0.3259,0.374
0.406000,0.1019,0.1722,-0.4366,0.480
0.412000,0.1297,0.1888,-0.5709,0.615
0.416000,0.1812,0.1958,-0.7051,0.754
0.421000,0.1995,0.1648,-0.8463,0.885
0.430000,0.2329,0.1271,-0.9563,0.992
0.431000,0.2604,0.0802,-1.0233,1.059
0.436000,0.3014,0.0099,-1.0447,1.087
0.441000,0.3349,-0.0482,-1.0158,1.071
0.446000,0.3322,-0.0967,-0.9436,1.005
0.451000,0.3673,-0.1623,-0.8711,0.959
0.456000,0.4114,-0.1976,-0.7862,0.909
0.461000,0.4835,-0.1837,-0.7079,0.877
0.466000,0.4779,-0.1686,-0.7032,0.867
0.471000,0.4371,-0.1687,-0.7171,0.857
0.478000,0.3680,-0.1362,-0.7975,0.889
0.480000,0.2557,-0.1352,-0.9087,0.954
0.487000,0.1480,-0.1270,-1.0700,1.088
0.492000,0.0348,-0.1375,-1.2337,1.242
0.496000,-0.0337,-0.1617,-1.4311,1.441
0.502000,-0.0910,-0.1754,-1.5857,1.598
0.506000,-0.0941,-0.1735,-1.7143,1.726
0.511000,-0.1191,-0.2471,-1.7860,1.807
0.516000,-0.1421,-0.3435,-1.8103,1.848
0.520000,-0.1539,-0.4680,-1.7894,1.856
0.528000,-0.1187,-0.5922,-1.7710,1.871
0.533000,-0.0555,-0.7168,-1.7526,1.894
0.535000,-0.0072,-0.8303,-1.7433,1.931
0.540000,0.0575,-0.9572,-1.7644,2.008
0.545000,0.1242,-1.0812,-1.8301,2.129
0.550000,0.1955,-1.1763,-1.9473,2.283
0.555000,0.2475,-1.2137,-2.1111,2.448
0.561000,0.2448,-1.2315,-2.3096,2.629
0.565000,0.2235,-1.2535,-2.5237,2.827
0.570000,0.2172,-1.2675,-2.7654,3.050
0.575000,0.2406,-1.2829,-3.0228,3.293
0.580000,0.3254,-1.3254,-3.2552,3.530
0.585000,0.3743,-1.3301,-3.4700,3.735
0.590000,0.4459,-1.3108,-3.6148,3.871
0.599000,0.4979,-1.2784,-3.6015,3.854
0.600000,0.4490,-1.2108,-3.4641,3.697
0.605000,0.2746,-1.1482,-3.1887,3.400
0.616000,0.0388,-1.1529,-2.7445,2.977
0.617000,-0.1879,-1.1607,-2.1483,2.449
0.622000,-0.3829,-1.1699,-1.4456,1.899
0.624000,-0.5553,-1.1220,-0.7008,1.435
0.633000,-0.6643,-1.0418,0.0097,1.236
0.639000,-0.7596,-0.8923,0.5930,1.313
0.639000,-0.8192,-0.6960,1.0541,1.506
0.644000,-0.8633,-0.4562,1.2931,1.620
0.649000,-0.8614,-0.1567,1.2983,1.566
0.653000,-0.8160,0.2172,1.0222,1.326
0.659000,-0.6695,0.5995,0.4576,1.008
0.667000,-0.4447,1.0280,-0.3003,1.160
0.668000,-0.2283,1.4217,-1.1972,1.873
0.673000,-0.0392,1.8193,-1.9544,2.670
0.678000,0.0849,2.1425,-2.4488,3.255
0.683000,0.1168,2.3596,-2.5000,3.440
0.688000,0.1968,2.3358,-2.0899,3.140
0.695000,0.4045,2.0954,-1.1233,2.412
0.698000,0.6792,1.7038,0.2494,1.851
0.703000,0.9558,1.3136,2.0105,2.585
0.708000,1.1174,0.9012,4.0831,4.328
0.713000,1.1584,0.5550,6.3307,6.460
0.719000,1.0162,0.3443,8.4878,8.555
0.723000,0.6886,0.2903,10.2387,10.266
0.729000,0.2300,0.4256,11.4107,11.421
0.733000,-0.2790,0.7821,11.8113,11.840
0.737000,-0.7671,1.3558,11.2592,11.366
0.746000,-1.3114,2.1953,9.9548,10.278
0.750000,-1.8820,3.1919,8.3814,9.164
0.752000,-2.5117,4.1479,6.9595,8.482
0.758000,-3.1060,4.8859,5.9218,8.282
0.762000,-3.5142,5.5714,5.3625,8.494
0.768000,-3.7079,6.1917,5.2710,8.937
0.772000,-3.7466,6.5960,5.5014,9.371
0.777000,-3.7297,6.7470,6.0191,9.781
0.782000,-3.7961,6.6703,6.6856,10.178
0.787000,-3.8153,6.4070,7.3876,10.497
0.792000,-3.5967,5.9432,8.1889,10.738
0.797000,-3.1805,5.2496,9.1396,11.009
0.802000,-2.7265,4.3135,10.2324,11.434
0.807000,-2.2569,3.2796,11.2163,11.902
0.812000,-1.8444,2.4237,12.0197,12.400
0.817000,-1.5169,1.9546,12.4629,12.706
0.821000,-1.2961,1.8950,12.2684,12.481
0.829000,-1.0760,1.9870,11.4257,11.647
0.831000,-0.9532,2.0941,10.0457,10.306
0.836000,-1.0403,2.3159,8.2932,8.673
0.841000,-1.2391,2.8108,6.4565,7.150
0.846000,-1.4456,3.4820,4.8014,6.105
0.853000,-1.5500,3.9846,3.4093,5.468
0.856000,-1.5062,4.1560,2.4399,5.049
0.862000,-1.4551,3.9164,2.0293,4.645
0.866000,-1.4303,3.4191,2.1994,4.310
0.871000,-1.5194,2.7392,2.7504,4.169
0.877000,-1.6776,2.0716,3.5698,4.455
0.882000,-1.7862,1.4060,4.3788,4.934
0.890000,-1.6580,0.7530,5.0240,5.344
0.891000,-1.3745,0.1057,5.3571,5.532
0.896000,-0.9560,-0.5548,5.3594,5.472
0.901000,-0.4404,-1.1287,5.0378,5.181
0.907000,0.0792,-1.4829,4.4661,4.706
0.913000,0.4409,-1.6981,3.6958,4.091
0.916000,0.6396,-1.9089,2.7779,3.431
0.920000,0.7698,-2.0697,1.7102,2.793
0.925000,1.0112,-2.1842,0.5619,2.472
0.932000,1.2870,-2.1092,-0.5841,2.539
0.935000,1.4319,-1.9646,-1.6693,2.949
0.940000,1.2665,-1.7183,-2.6453,3.399
0.945000,0.6917,-1.3807,-3.5676,3.887
0.950000,-0.3113,-0.9813,-4.4631,4.580
0.955000,-1.3092,-0.6338,-5.1986,5.398
0.961000,-2.0848,-0.5030,-5.7694,6.155
0.965000,-2.7116,-0.6804,-6.1228,6.731
0.970000,-3.0367,-1.1364,-6.3098,7.094
0.975000,-2.9799,-1.7633,-6.3496,7.232
0.980000,-2.4665,-2.4669,-6.1596,7.079
0.985000,-1.5379,-3.1371,-5.8671,6.829
0.989000,-0.3131,-3.7408,-5.5125,6.669
0.996000,1.0353,-4.2507,-5.1455,6.754
1.000000,2.3488,-4.7951,-4.8538,7.216
1.005000,3.7669,-5.3523,-4.8472,8.144
1.014000,5.3635,-5.7730,-5.2258,9.455
1.015000,6.9173,-5.9514,-5.9127,10.873
1.020000,8.1228,-5.9233,-6.8395,12.159
1.025000,8.6565,-5.7898,-7.7932,13.007
1.029000,8.5373,-5.6434,-8.6760,13.417
1.034000,7.9527,-5.4104,-9.4581,13.490
1.039000,7.1180,-5.1187,-10.1866,13.440
1.044000,6.1780,-4.6673,-10.8102,13.297
1.049000,5.1782,-4.1185,-11.2907,13.086
1.054000,4.2237,-3.5086,-11.5969,12.831
1.059000,3.2710,-2.9340,-11.6643,12.465
1.064000,2.3220,-2.4845,-11.5242,12.015
1.069000,1.3959,-2.2341,-11.1021,11.410
1.074000,0.6145,-2.2237,-10.4385,10.690
1.079000,0.1220,-2.3927,-9.5422,9.838
1.084000,-0.0134,-2.6982,-8.3854,8.809
1.089000,0.1495,-2.9666,-7.1357,7.729
1.096000,0.6137,-3.1265,-5.8180,6.633
1.100000,1.2780,-3.1933,-4.4642,5.636
1.103000,1.9505,-3.2500,-3.1533,4.930
1.108000,2.4519,-3.4109,-2.0451,4.672
1.113000,2.7135,-3.6589,-1.1610,4.701
1.118000,2.7138,-3.9808,-0.6086,4.856
1.123000,2.6154,-4.2320,-0.5363,5.004
1.129000,2.5237,-4.3217,-0.8466,5.076
1.133000,2.5814,-4.2748,-1.4283,5.194
1.140000,2.7849,-4.0744,-2.2667,5.431
1.143000,3.0351,-3.7834,-3.2638,5.846
1.148000,3.2137,-3.4709,-4.3221,6.407
1.152000,3.2138,-3.1143,-5.3496,6.975
1.157000,3.0183,-2.7612,-6.2827,7.497
1.168000,2.6541,-2.4438,-7.0804,7.947
1.168000,2.2194,-2.1371,-7.7235,8.315
1.173000,1.8022,-1.8193,-8.2832,8.670
1.180000,1.3306,-1.5289,-8.6325,8.867
1.182000,0.8962,-1.3479,-8.8398,8.987
1.187000,0.5286,-1.2515,-8.8991,9.002
1.192000,0.2464,-1.1970,-8.7557,8.841
1.198000,0.0701,-1.1847,-8.5369,8.619
1.202000,0.0449,-1.2316,-8.1997,8.292
1.208000,0.1351,-1.3389,-7.8104,7.925
1.215000,0.3636,-1.5481,-7.3014,7.473
1.217000,0.6833,-1.8315,-6.6577,6.939
1.222000,1.1306,-2.1156,-5.9030,6.372
1.244000,1.5573,-2.3345,-5.0557,5.782
1.249000,1.8950,-2.4873,-4.1940,5.231
1.249000,2.1995,-2.5617,-3.3478,4.755
1.250000,2.4377,-2.6313,-2.4776,4.359
1.250000,2.5806,-2.6860,-1.6066,4.056
1.251000,2.6281,-2.5408,-0.9538,3.778
1.257000,2.5545,-2.1399,-0.3844,3.354
1.262000,2.3573,-1.6175,-0.0536,2.859
1.266000,1.9664,-0.9217,-0.0302,2.172
1.272000,1.4339,-0.1564,-0.2549,1.465
1.277000,0.9282,0.5871,-0.7000,1.302
1.282000,0.4712,1.2853,-1.2714,1.868
1.286000,0.1930,1.9843,-1.9971,2.822
1.291000,0.0939,2.6493,-2.6921,3.778
1.297000,0.1877,3.1715,-3.1716,4.489
1.301000,0.3854,3.4825,-3.2389,4.771
1.306000,0.6358,3.6157,-2.6610,4.534
1.311000,0.6634,3.6364,-1.4168,3.959
1.316000,0.4939,3.6961,0.4202,3.753
1.321000,0.2167,3.8777,2.5981,4.673
1.326000,-0.1965,4.2156,4.7460,6.351
1.331000,-0.8227,4.5288,6.7756,8.191
1.336000,-1.7781,4.7830,8.6248,10.021
1.340000,-2.9136,4.9762,10.2424,11.754
1.346000,-4.0676,5.2221,11.5571,13.319
1.351000,-5.0137,5.5096,12.4777,14.532
1.355000,-5.7153,5.8050,13.1150,15.439
1.361000,-6.2644,5.8817,13.5915,16.080
1.365000,-6.6498,5.5660,13.9433,16.420
1.371000,-6.8518,4.9004,14.4033,16.686
1.377000,-6.8431,4.1394,14.8151,16.836
1.381000,-6.4971,3.4573,15.1090,16.806
1.384000,-5.9586,3.0201,15.1470,16.555
1.391000,-5.2279,2.7425,14.6648,15.808
1.395000,-4.4057,2.4887,13.6524,14.560
1.400000,-3.7199,2.3077,12.1620,12.926
1.405000,-3.2455,2.2062,10.3820,11.099
1.409000,-3.0985,2.2215,8.5999,9.407
1.415000,-3.2454,2.2041,7.0549,8.072
1.420000,-3.5861,2.0794,5.8945,7.206
1.424000,-3.9978,1.8491,5.1846,6.803
1.432000,-4.3834,1.5383,4.9699,6.803
1.436000,-4.6298,1.1754,5.3646,7.183
1.439000,-4.6768,0.7614,6.2273,7.825
1.447000,-4.3910,0.2572,7.6207,8.799
1.449000,-3.8493,-0.3636,9.3557,10.123
1.454000,-3.1727,-1.0488,11.1343,11.625
1.459000,-2.4525,-1.6603,12.7207,13.061
1.465000,-1.7634,-2.1226,13.7956,14.069
1.469000,-1.1063,-2.4578,14.1833,14.437
1.474000,-0.5618,-2.6077,13.6388,13.897
1.481000,-0.2230,-2.5555,12.1302,12.399
1.484000,0.0078,-2.3491,9.9123,10.187
1.489000,0.1914,-2.0679,7.4214,7.706
1.494000,0.2032,-1.7877,4.7631,5.092
1.499000,0.0953,-1.4794,2.0098,2.497
1.503000,-0.0063,-1.1330,-0.6229,1.293
1.508000,-0.1267,-0.8863,-3.1136,3.240
1.514000,-0.2008,-0.7276,-5.3389,5.392
1.518000,-0.1633,-0.6595,-7.2300,7.262
1.523000,-0.0349,-0.7058,-8.9348,8.963
1.533000,0.1815,-0.8953,-10.3888,10.429
1.536000,0.4615,-1.1419,-11.5111,11.577
1.538000,0.7235,-1.3717,-12.3694,12.466
1.543000,0.8985,-1.5715,-12.9069,13.033
1.552000,1.0868,-1.7739,-13.0498,13.215
1.554000,1.3671,-1.9167,-12.8585,13.072
1.558000,1.6873,-2.0046,-12.3007,12.577
1.563000,1.9968,-2.1102,-11.3723,11.738
1.568000,2.2862,-2.2859,-10.1897,10.690
1.572000,2.5760,-2.5163,-8.8468,9.552
1.578000,2.9009,-2.6477,-7.4132,8.389
1.582000,3.2603,-2.6992,-5.9818,7.328
1.587000,3.6517,-2.5993,-4.6648,6.469
1.592000,4.0648,-2.4190,-3.5243,5.899
1.597000,4.4541,-2.2364,-2.6585,5.649
1.602000,4.6851,-2.0613,-2.0537,5.515
1.607000,4.8057,-1.8164,-1.7827,5.438
1.612000,4.7845,-1.4661,-1.8068,5.320
1.617000,4.6017,-1.0094,-2.0709,5.146
1.622000,4.1673,-0.4650,-2.4373,4.850
1.627000,3.5408,0.0773,-2.8073,4.519
1.632000,2.6517,0.5208,-3.0966,4.110
1.638000,1.6477,0.8771,-3.3102,3.800
1.642000,0.6592,1.1595,-3.4575,3.706
1.648000,-0.1544,1.4547,-3.4881,3.782
1.656000,-0.8362,1.7582,-3.3893,3.909
1.657000,-1.3996,1.9616,-3.0669,3.900
1.663000,-1.8738,1.9515,-2.4858,3.674
1.670000,-2.2014,1.6661,-1.5314,3.157
1.673000,-2.4139,1.2838,-0.3087,2.751
1.677000,-2.4278,0.8605,1.0256,2.772
1.683000,-2.2692,0.4817,2.4922,3.405
1.687000,-1.9498,0.0986,4.0689,4.513
1.692000,-1.5793,-0.3003,5.6240,5.849
1.696000,-1.1576,-0.6845,7.0022,7.130
1.702000,-0.7711,-1.0147,8.1001,8.200
1.706000,-0.3988,-1.2510,8.7882,8.886
1.711000,-0.0861,-1.4001,8.9156,9.025
1.716000,0.1536,-1.4485,8.4862,8.610
1.720000,0.3290,-1.3908,7.5874,7.721
1.726000,0.4445,-1.2271,6.2747,6.409
1.731000,0.4951,-0.9322,4.6748,4.792
1.735000,0.4759,-0.5918,3.0241,3.118
1.741000,0.4093,-0.2248,1.4436,1.517
1.746000,0.3294,0.0741,-0.0128,0.338
1.750000,0.2262,0.3682,-1.3943,1.460
1.757000,0.0633,0.6276,-2.6235,2.698
1.761000,-0.0858,0.9323,-3.6901,3.807
1.766000,-0.1890,1.2162,-4.5647,4.728
1.770000,-0.3913,1.4873,-5.2492,5.470
1.775000,-0.7681,1.5466,-5.7068,5.962
1.785000,-1.0305,1.8078,-5.8673,6.225
1.789000,-1.1647,2.2736,-5.7532,6.295
1.790000,-1.1408,2.4348,-5.4940,6.117
1.796000,-0.9007,2.1073,-5.1378,5.626
1.801000,-0.6337,1.5518,-4.6512,4.944
1.805000,-0.3750,1.1762,-4.0744,4.257
1.810000,-0.2233,1.1007,-3.4017,3.582
1.819000,-0.1848,1.1774,-2.6587,2.914
1.820000,-0.2442,1.1718,-1.9136,2.257
1.825000,-0.2805,1.0744,-1.2198,1.650
1.835000,-0.2061,0.8899,-0.5737,1.079
1.836000,-0.0004,0.7409,-0.0436,0.742
1.842000,0.2448,0.6162,0.4050,0.777
1.845000,0.4106,0.5960,0.7534,1.045
1.857000,0.4208,0.6152,0.9519,1.209
1.858000,0.2535,0.5876,1.0341,1.216
1.859000,-0.0633,0.5474,1.0236,1.162
1.867000,-0.4373,0.4810,0.9679,1.166
1.869000,-0.8344,0.3827,1.1915,1.504
1.876000,-1.8962,0.1108,2.9223,3.485
1.880000,-2.3257,0.4112,2.8537,3.704
1.884000,-1.6969,0.7562,2.0846,2.792
1.890000,-0.6999,0.6786,1.4985,1.788
1.893000,0.1070,0.2224,1.0960,1.123
1.898000,0.4913,-0.2442,0.7970,0.968
1.903000,0.6084,-0.4806,0.5694,0.962
1.908000,0.5801,-0.4529,0.3817,0.829
1.915000,0.4854,-0.2810,0.1213,0.574
1.919000,0.4376,-0.1090,-0.1729,0.483
1.924000,0.3618,-0.0141,-0.2732,0.454
1.928000,0.3124,-0.0601,-0.2745,0.420
1.939000,0.3078,-0.0977,-0.3218,0.456
1.940000,0.3876,-0.0925,-0.3687,0.543
1.943000,0.4958,-0.0840,-0.4242,0.658
1.958000,0.5786,-0.0778,-0.4781,0.755
1.959000,0.5725,-0.1367,-0.4607,0.747
1.959000,0.5709,-0.1749,-0.4223,0.731
1.967000,0.6025,-0.0704,-0.5516,0.820
1.968000,0.8655,0.0502,-0.4948,0.998
1.974000,1.3641,0.1201,-0.3313,1.409
1.978000,0.8962,0.0799,-0.5128,1.036
1.983000,0.3876,0.1289,-0.5589,0.692
1.988000,0.0468,0.3705,-0.6185,0.723
1.992000,-0.1639,0.6186,-0.5797,0.863
1.997000,-0.3844,0.7568,-0.5866,1.032
2.002000,-0.5034,0.8121,-0.4840,1.071
2.007000,-0.4025,0.8186,-0.3252,0.968
2.013000,-0.2261,0.7317,-0.1321,0.777
2.018000,-0.1160,0.6068,0.1188,0.629
2.023000,-0.0558,0.4941,0.3365,0.600
2.028000,0.0001,0.4033,0.4733,0.622
2.032000,0.0759,0.3459,0.6489,0.739
2.037000,0.1311,0.3263,0.8133,0.886
2.042000,0.1425,0.3464,0.9166,0.990
2.047000,0.1681,0.4200,0.9211,1.026
2.052000,0.2042,0.4534,0.8056,0.947
2.056000,0.2088,0.4510,0.7667,0.914
2.061000,0.2207,0.4623,0.7139,0.879
2.066000,0.2435,0.4560,0.5948,0.788
2.072000,0.3163,0.3958,0.5150,0.722
2.076000,0.3992,0.2860,0.4916,0.695
2.081000,0.4615,0.1838,0.4481,0.669
2.086000,0.5799,0.1584,0.3297,0.686
2.091000,0.6491,0.1596,0.2678,0.720
2.099000,0.5967,0.1804,0.1547,0.642
2.102000,0.5605,0.2379,-0.0290,0.610
2.106000,0.4872,0.2826,-0.2407,0.612
2.111000,0.3759,0.3489,-0.4138,0.659
2.117000,0.2380,0.3825,-0.5179,0.686
2.121000,0.0964,0.4172,-0.5939,0.732
2.126000,-0.0825,0.4461,-0.5751,0.733
2.135000,-0.2347,0.4285,-0.5453,0.732
2.137000,-0.3913,0.3738,-0.4780,0.722
2.141000,-0.4160,0.2795,-0.3686,0.622
2.172000,-0.3519,0.2313,-0.2886,0.511
2.173000,-0.2129,0.2241,-0.2353,0.388
2.174000,-0.0628,0.1669,-0.1727,0.248
2.174000,0.0440,0.0908,-0.1366,0.170
2.175000,0.0816,0.0342,-0.1292,0.157
2.177000,0.0837,0.0426,-0.1100,0.145
2.177000,0.1143,0.0518,-0.1272,0.179
2.192000,0.1088,-0.0099,-0.1471,0.183
2.194000,0.1059,-0.0304,-0.1313,0.171
2.195000,0.0181,-0.0414,-0.0652,0.079
2.195000,-0.0127,-0.0576,0.0706,0.092
2.208000,-0.0082,-0.0893,0.1879,0.208
2.208000,0.0100,-0.1035,0.2415,0.263
2.211000,0.0228,-0.0905,0.2149,0.234
2.221000,0.0254,-0.1080,0.1606,0.195
2.222000,-0.0186,-0.1268,0.1311,0.183
2.226000,-0.0834,-0.1301,0.0306,0.158
2.232000,-0.1716,-0.1268,-0.0765,0.227
2.235000,-0.2720,-0.1331,-0.1621,0.343
2.241000,-0.3327,-0.1029,-0.2336,0.419
2.246000,-0.3542,-0.0452,-0.2795,0.453
2.253000,-0.3608,0.0069,-0.2643,0.447
2.255000,-0.3315,0.0226,-0.2551,0.419
2.259000,-0.3234,0.0212,-0.2305,0.398
2.269000,-0.3318,-0.0068,-0.1881,0.381
2.269000,-0.3206,-0.0474,-0.1659,0.364
2.274000,-0.2561,-0.0552,-0.1616,0.308
2.279000,-0.1928,-0.0853,-0.1820,0.279
2.284000,-0.1325,-0.1166,-0.1433,0.227
2.289000,-0.1036,-0.1063,-0.0932,0.175
2.294000,-0.1008,-0.0810,-0.0649,0.145
2.302000,-0.1258,-0.0725,-0.0174,0.146
2.304000,-0.1258,-0.0644,0.0353,0.146
2.312000,-0.1505,-0.0453,0.0956,0.184
2.314000,-0.1497,-0.0419,0.1640,0.226
2.319000,-0.1708,-0.0285,0.1999,0.264
2.324000,-0.2019,-0.0077,0.2347,0.310
2.328000,-0.2622,-0.0011,0.2468,0.360
2.334000,-0.3019,0.0081,0.2195,0.373
2.338000,-0.3143,-0.0109,0.1503,0.349
2.344000,-0.2900,0.0020,0.0246,0.291
2.352000,-0.2987,-0.0267,-0.0501,0.304
2.354000,-0.2596,-0.0198,-0.1103,0.283
2.359000,-0.2164,-0.0078,-0.2495,0.330
2.364000,-0.2050,0.0171,-0.2960,0.360
2.368000,-0.2113,0.0436,-0.3264,0.391
2.374000,-0.2284,0.0431,-0.3173,0.393
2.378000,-0.2371,0.0327,-0.2877,0.374
2.383000,-0.2303,0.0311,-0.2162,0.317
2.388000,-0.1937,0.0048,-0.1385,0.238
2.392000,-0.1510,-0.0370,-0.0878,0.179
2.398000,-0.0586,-0.0589,-0.0544,0.099
2.403000,0.0436,-0.0901,-0.0283,0.104
2.408000,0.1036,-0.1475,-0.0068,0.180
2.413000,0.1650,-0.1861,0.0030,0.249
2.419000,0.1753,-0.2133,0.0110,0.276
2.423000,0.1514,-0.1910,0.0075,0.244
2.428000,0.1074,-0.1410,0.0071,0.177
2.441000,0.0503,-0.1063,-0.0310,0.122
2.443000,0.0325,-0.1155,-0.0637,0.136
2.444000,0.0204,-0.1255,-0.0982,0.161
2.474000,0.0210,-0.1076,-0.1036,0.151
2.475000,-0.0113,-0.0855,-0.1181,0.146
2.476000,-0.0477,-0.0519,-0.1515,0.167
2.478000,-0.0690,-0.0497,-0.0787,0.116
2.479000,0.0000,-0.0622,-0.0230,0.066
2.479000,0.0613,-0.0676,0.0561,0.107
2.479000,-0.0183,-0.0517,0.1655,0.174
2.491000,-0.0932,-0.0029,0.1979,0.219
2.492000,-0.1326,0.0360,0.2371,0.274
2.492000,-0.1515,0.0795,0.2852,0.333
2.499000,-0.1407,0.0660,0.3350,0.369
2.503000,-0.1129,0.0578,0.3701,0.391
2.508000,-0.0742,0.0307,0.3764,0.385
2.511000,-0.0148,0.0276,0.3562,0.358
2.518000,0.0201,0.0462,0.3047,0.309
2.521000,0.0739,0.0841,0.2628,0.286
2.526000,0.0848,0.1031,0.1993,0.240
2.532000,0.0578,0.1222,0.1741,0.220
2.536000,0.0363,0.1105,0.1609,0.199
2.541000,-0.0107,0.0988,0.1383,0.170
2.546000,-0.0212,0.0610,0.1371,0.152
2.551000,-0.0073,0.0234,0.1169,0.119
2.556000,0.0045,-0.0092,0.1349,0.135
2.560000,0.0019,-0.0536,0.1265,0.137
2.567000,0.0063,-0.0594,0.1228,0.137
2.570000,0.0104,-0.0601,0.1069,0.123
2.575000,0.0116,-0.0295,0.1052,0.110
2.580000,-0.0448,-0.0272,0.1215,0.132
2.586000,-0.1014,-0.0248,0.1494,0.182
2.591000,-0.1630,-0.0368,0.1818,0.247
2.595000,-0.2072,-0.0207,0.2180,0.301
2.601000,-0.2497,0.0042,0.2327,0.341
2.606000,-0.2474,0.0282,0.2216,0.333
2.610000,-0.2264,0.0155,0.1772,0.288
2.618000,-0.1830,-0.0051,0.0825,0.201
2.620000,-0.1236,-0.0139,-0.0469,0.133
2.625000,-0.0887,-0.0060,-0.1990,0.218
2.630000,-0.0659,0.0237,-0.3121,0.320
2.636000,-0.0508,0.0688,-0.3752,0.385
2.646000,-0.0787,0.0838,-0.4195,0.435
2.647000,-0.0658,0.0615,-0.3926,0.403
2.656000,-0.0673,0.0639,-0.3566,0.368
2.656000,-0.0231,0.0671,-0.2970,0.305
2.659000,-0.0001,0.0301,-0.2377,0.240
2.664000,0.0090,0.0077,-0.1451,0.146
2.673000,-0.0222,-0.0027,-0.0524,0.057
2.675000,-0.0599,-0.0324,0.0116,0.069
2.680000,-0.0875,-0.0792,0.0806,0.143
2.684000,-0.1002,-0.0762,0.1521,0.197
2.689000,-0.0960,0.0599,0.1212,0.166
2.694000,-0.0581,0.0901,0.0524,0.119
2.699000,-0.0581,0.0912,0.0414,0.116
2.706000,-0.0986,0.0871,0.0759,0.152
2.709000,-0.1345,0.0636,0.1344,0.201
2.718000,-0.1184,0.0518,0.2144,0.250
2.720000,-0.0863,0.0564,0.2801,0.298
2.724000,-0.0693,0.0389,0.3099,0.320
2.729000,-0.0555,0.0233,0.2897,0.296
2.734000,-0.0638,0.0026,0.2314,0.240
2.741000,-0.0510,0.0295,0.1182,0.132
2.744000,0.0067,0.0487,-0.0139,0.051
2.748000,0.0661,0.0419,-0.1355,0.157
2.754000,0.1509,0.0382,-0.2067,0.259
2.758000,0.1805,0.0330,-0.2515,0.311
2.763000,0.1900,0.0263,-0.2793,0.339
2.769000,0.1784,0.0084,-0.2739,0.327
2.773000,0.2127,-0.0423,-0.2400,0.323
2.778000,0.1975,-0.0759,-0.1776,0.276
2.785000,0.1999,-0.1163,-0.1128,0.257
2.788000,0.1865,-0.1162,-0.0241,0.221
2.793000,0.1572,-0.1308,0.0505,0.211
2.799000,0.1455,-0.1507,0.0848,0.226
2.803000,0.1562,-0.1592,0.1028,0.246
2.807000,0.1770,-0.1897,0.1091,0.281
2.812000,0.1746,-0.1706,0.1014,0.264
2.819000,0.1869,-0.1328,0.1084,0.254
2.823000,0.1204,-0.1240,0.1036,0.201
2.827000,0.0678,-0.0889,0.0820,0.139
2.833000,0.0409,-0.0610,0.0483,0.088
2.841000,-0.0106,-0.0040,-0.0023,0.012
2.843000,-0.0366,0.0437,-0.0795,0.098
2.856000,-0.0274,0.0727,-0.1953,0.210
2.856000,0.0123,0.0882,-0.2874,0.301
2.857000,0.0518,0.1046,-0.3513,0.370
2.863000,0.1033,0.0696,-0.3798,0.400
2.868000,0.1188,0.0190,-0.3897,0.408
2.873000,0.1250,0.0027,-0.4310,0.449
2.877000,0.1602,-0.0008,-0.4535,0.481
2.882000,0.1818,-0.0060,-0.4380,0.474
2.886000,0.1611,0.0132,-0.3796,0.413
2.891000,0.1554,0.0253,-0.2901,0.330
2.896000,0.1192,-0.0010,-0.1360,0.181
2.907000,0.0953,-0.0806,0.0732,0.145
2.907000,0.1623,-0.2209,0.3305,0.429
2.911000,0.2984,-0.3628,0.6218,0.779
2.918000,0.4940,-0.5375,0.4788,0.873
2.921000,0.8005,-0.7036,-0.3539,1.123
2.928000,0.9918,-0.6943,-0.8583,1.484
2.934000,0.9093,-0.6495,-0.8609,1.411
2.939000,0.5789,-0.5625,-0.6730,1.051
2.942000,0.1511,-0.3621,-0.3115,0.501
2.946000,-0.2452,-0.1428,-0.0006,0.284
2.951000,-0.6110,0.0683,0.3460,0.706
2.956000,-0.9741,0.2251,0.8071,1.285
2.961000,-1.3286,0.2527,1.3638,1.921
2.967000,-1.4867,0.2893,1.9013,2.431
2.970000,-1.5091,0.3364,2.3865,2.844
2.975000,-1.3623,0.4319,2.5282,2.904
2.981000,-0.9116,0.5137,2.0186,2.274
2.987000,0.3736,0.3690,0.7647,0.928
2.990000,0.7966,0.1688,-0.3495,0.886
2.995000,0.5813,0.1190,-0.8856,1.066
3.001000,0.1551,0.1604,-0.9382,0.964
3.005000,-0.1290,0.3113,-0.4934,0.598
3.010000,-0.1691,0.4839,0.2339,0.563
